Workbook

Sheet DASHBOARD
B2: DASHBOARD DE CANTIDADES RCI – UNIQUE 76
B3: Todo se recalcula desde BD_REVIT. Cambie el código en la celda amarilla para ver otro ítem.
B5: Elementos Revit | C5: Asignados | D5: Sin asignar | E5: % asignado | G5: Ítems cap. 7 con cantidad | H5: Niveles con elementos
B6: =COUNTA(BD_REVIT!$A$6:$A$466) -> 461 | C6: =COUNTIF(BD_REVIT!$M$6:$M$466,"ASIGNADO") -> 461 | D6: =COUNTIF(BD_REVIT!$M$6:$M$466,"SIN ASIGNAR") -> 0 | E6: =IFERROR(C6/B6,0) -> 1 | G6: =COUNTIF('CRUCE RCI'!Z6:Z122,">0") -> 65 | H6: =SUMPRODUCT(--(COUNTIF(BD_REVIT!$F$6:$F$466,LISTAS!$D$2:$D$22)>0)) -> 21
B9: ÍTEM SELECCIONADO | G9: RESUMEN POR CATEGORÍA
B10: Código | C10: 7.08 | G10: Categoría | H10: Elementos | I10: Asignados | J10: Sin asignar
B11: Descripción | C11: =IFERROR(INDEX(LISTAS!$B:$B,MATCH($C$10,LISTAS!$A:$A,0)),"") -> Tubería A.C. Sche 10 De ø1 1/2" | G11: Accesorios | H11: =COUNTIF(BD_REVIT!$B$6:$B$466,G11) -> 33 | I11: =COUNTIFS(BD_REVIT!$B$6:$B$466,G11,BD_REVIT!$M$6:$M$466,"ASIGNADO") -> 33 | J11: =H11-I11 -> 0
B12: Unidad | C12: =IFERROR(INDEX(LISTAS!$C:$C,MATCH($C$10,LISTAS!$A:$A,0)),"") -> Ml. | G12: Equipos | H12: =COUNTIF(BD_REVIT!$B$6:$B$466,G12) -> 3 | I12: =COUNTIFS(BD_REVIT!$B$6:$B$466,G12,BD_REVIT!$M$6:$M$466,"ASIGNADO") -> 3 | J12: =H12-I12 -> 0
B13: Cantidad global | C13: =SUMIFS(BD_REVIT!$H:$H,BD_REVIT!$C:$C,$C$10) -> 945.16 | G13: Rociadores | H13: =COUNTIF(BD_REVIT!$B$6:$B$466,G13) -> 6 | I13: =COUNTIFS(BD_REVIT!$B$6:$B$466,G13,BD_REVIT!$M$6:$M$466,"ASIGNADO") -> 6 | J13: =H13-I13 -> 0
B14: Elementos Revit | C14: =COUNTIF(BD_REVIT!$C:$C,$C$10) -> 40 | G14: Soportes | H14: =COUNTIF(BD_REVIT!$B$6:$B$466,G14) -> 53 | I14: =COUNTIFS(BD_REVIT!$B$6:$B$466,G14,BD_REVIT!$M$6:$M$466,"ASIGNADO") -> 53 | J14: =H14-I14 -> 0
G15: Tuberías | H15: =COUNTIF(BD_REVIT!$B$6:$B$466,G15) -> 94 | I15: =COUNTIFS(BD_REVIT!$B$6:$B$466,G15,BD_REVIT!$M$6:$M$466,"ASIGNADO") -> 94 | J15: =H15-I15 -> 0
B16: Nivel de piso | C16: Cantidad ítem | D16: Elementos (todos) | G16: Uniones | H16: =COUNTIF(BD_REVIT!$B$6:$B$466,G16) -> 272 | I16: =COUNTIFS(BD_REVIT!$B$6:$B$466,G16,BD_REVIT!$M$6:$M$466,"ASIGNADO") -> 272 | J16: =H16-I16 -> 0
B17: Cuarto de Bomba Sub | C17: =SUMIFS(BD_REVIT!$H:$H,BD_REVIT!$C:$C,$C$10,BD_REVIT!$F:$F,LISTAS!$D$2) -> 1.98 | D17: =COUNTIF(BD_REVIT!$F:$F,LISTAS!$D$2) -> 46 | G17: TOTAL | H17: =SUM(H11:H16) -> 461 | I17: =SUM(I11:I16) -> 461 | J17: =SUM(J11:J16) -> 0
B18: Sótano 4 | C18: =SUMIFS(BD_REVIT!$H:$H,BD_REVIT!$C:$C,$C$10,BD_REVIT!$F:$F,LISTAS!$D$3) -> 31.36 | D18: =COUNTIF(BD_REVIT!$F:$F,LISTAS!$D$3) -> 17
B19: Sótano 3 | C19: =SUMIFS(BD_REVIT!$H:$H,BD_REVIT!$C:$C,$C$10,BD_REVIT!$F:$F,LISTAS!$D$4) -> 161.86 | D19: =COUNTIF(BD_REVIT!$F:$F,LISTAS!$D$4) -> 32
B20: Sótano 2 | C20: =SUMIFS(BD_REVIT!$H:$H,BD_REVIT!$C:$C,$C$10,BD_REVIT!$F:$F,LISTAS!$D$5) -> 193.88 | D20: =COUNTIF(BD_REVIT!$F:$F,LISTAS!$D$5) -> 35
B21: Sótano 1 | C21: =SUMIFS(BD_REVIT!$H:$H,BD_REVIT!$C:$C,$C$10,BD_REVIT!$F:$F,LISTAS!$D$6) -> 160.93 | D21: =COUNTIF(BD_REVIT!$F:$F,LISTAS!$D$6) -> 32
B22: Semisótano | C22: =SUMIFS(BD_REVIT!$H:$H,BD_REVIT!$C:$C,$C$10,BD_REVIT!$F:$F,LISTAS!$D$7) -> 59.51 | D22: =COUNTIF(BD_REVIT!$F:$F,LISTAS!$D$7) -> 37
B23: 1 | C23: =SUMIFS(BD_REVIT!$H:$H,BD_REVIT!$C:$C,$C$10,BD_REVIT!$F:$F,LISTAS!$D$8) -> 74.8 | D23: =COUNTIF(BD_REVIT!$F:$F,LISTAS!$D$8) -> 58
B24: 2 | C24: =SUMIFS(BD_REVIT!$H:$H,BD_REVIT!$C:$C,$C$10,BD_REVIT!$F:$F,LISTAS!$D$9) -> 17.36 | D24: =COUNTIF(BD_REVIT!$F:$F,LISTAS!$D$9) -> 44
B25: 3 | C25: =SUMIFS(BD_REVIT!$H:$H,BD_REVIT!$C:$C,$C$10,BD_REVIT!$F:$F,LISTAS!$D$10) -> 19.32 | D25: =COUNTIF(BD_REVIT!$F:$F,LISTAS!$D$10) -> 11
B26: 4 | C26: =SUMIFS(BD_REVIT!$H:$H,BD_REVIT!$C:$C,$C$10,BD_REVIT!$F:$F,LISTAS!$D$11) -> 19.32 | D26: =COUNTIF(BD_REVIT!$F:$F,LISTAS!$D$11) -> 13
B27: 5 | C27: =SUMIFS(BD_REVIT!$H:$H,BD_REVIT!$C:$C,$C$10,BD_REVIT!$F:$F,LISTAS!$D$12) -> 19.32 | D27: =COUNTIF(BD_REVIT!$F:$F,LISTAS!$D$12) -> 11
B28: 6 | C28: =SUMIFS(BD_REVIT!$H:$H,BD_REVIT!$C:$C,$C$10,BD_REVIT!$F:$F,LISTAS!$D$13) -> 19.32 | D28: =COUNTIF(BD_REVIT!$F:$F,LISTAS!$D$13) -> 11
B29: 7 | C29: =SUMIFS(BD_REVIT!$H:$H,BD_REVIT!$C:$C,$C$10,BD_REVIT!$F:$F,LISTAS!$D$14) -> 19.32 | D29: =COUNTIF(BD_REVIT!$F:$F,LISTAS!$D$14) -> 12
B30: 8 | C30: =SUMIFS(BD_REVIT!$H:$H,BD_REVIT!$C:$C,$C$10,BD_REVIT!$F:$F,LISTAS!$D$15) -> 19.32 | D30: =COUNTIF(BD_REVIT!$F:$F,LISTAS!$D$15) -> 11
B31: 9 | C31: =SUMIFS(BD_REVIT!$H:$H,BD_REVIT!$C:$C,$C$10,BD_REVIT!$F:$F,LISTAS!$D$16) -> 19.32 | D31: =COUNTIF(BD_REVIT!$F:$F,LISTAS!$D$16) -> 11
B32: 10 | C32: =SUMIFS(BD_REVIT!$H:$H,BD_REVIT!$C:$C,$C$10,BD_REVIT!$F:$F,LISTAS!$D$17) -> 19.32 | D32: =COUNTIF(BD_REVIT!$F:$F,LISTAS!$D$17) -> 12
B33: 11 | C33: =SUMIFS(BD_REVIT!$H:$H,BD_REVIT!$C:$C,$C$10,BD_REVIT!$F:$F,LISTAS!$D$18) -> 19.32 | D33: =COUNTIF(BD_REVIT!$F:$F,LISTAS!$D$18) -> 11
B34: 12 | C34: =SUMIFS(BD_REVIT!$H:$H,BD_REVIT!$C:$C,$C$10,BD_REVIT!$F:$F,LISTAS!$D$19) -> 19.32 | D34: =COUNTIF(BD_REVIT!$F:$F,LISTAS!$D$19) -> 11
B35: 13 | C35: =SUMIFS(BD_REVIT!$H:$H,BD_REVIT!$C:$C,$C$10,BD_REVIT!$F:$F,LISTAS!$D$20) -> 19.32 | D35: =COUNTIF(BD_REVIT!$F:$F,LISTAS!$D$20) -> 23
B36: 14 | C36: =SUMIFS(BD_REVIT!$H:$H,BD_REVIT!$C:$C,$C$10,BD_REVIT!$F:$F,LISTAS!$D$21) -> 18.65 | D36: =COUNTIF(BD_REVIT!$F:$F,LISTAS!$D$21) -> 15
B37: 15 | C37: =SUMIFS(BD_REVIT!$H:$H,BD_REVIT!$C:$C,$C$10,BD_REVIT!$F:$F,LISTAS!$D$22) -> 12.31 | D37: =COUNTIF(BD_REVIT!$F:$F,LISTAS!$D$22) -> 5

Sheet NIVEL
B3: PROYECTO: UNIQUE 76
B4: CUADRO DE CANTIDADES MONTAJE HIDROSANITARIO Y RCI
B5: Cap. 7 (RCI): cantidades globales calculadas desde BD_REVIT. Ítems 'Manual' se diligencian a mano.
A6: ITEM | B6: DESCRIPCIÓN | C6: UND. | D6: CANT. | E6: FUENTE
A7: 1 | B7: RED DE AGUAS LLUVIAS
A8: - | B8: Puntos, incluyen 1,00 mt a menos que se indique lo contrario
A9: 1.01 | B9: Puntos Aguas lluvias ø2" | C9: Un.
A10: 1.02 | B10: Puntos Aguas lluvias ø3" | C10: Un.
A11: 1.03 | B11: Puntos Aguas lluvias ø4" | C11: Un.
A12: 1.04 | B12: Pasantes en placa ø2" (sacanucleos) | C12: Un.
A13: 1.05 | B13: Pasantes en placa ø3" (sacanucleos) | C13: Un.
A14: 1.06 | B14: Pasantes en placa ø4" (sacanucleos) | C14: Un.
B15: Tubería Colectores Descolgados
A16: 1.07 | B16: Tubería De ø2" PVC-Sanitaria | C16: Ml.
A17: 1.08 | B17: Tubería De ø3" PVC-Sanitaria | C17: Ml.
A18: 1.09 | B18: Tubería De ø4" PVC-Sanitaria | C18: Ml.
A19: 1.10 | B19: Soporte pera 2" | C19: Un.
A20: 1.11 | B20: Soporte pera 3" | C20: Un.
A21: 1.12 | B21: Soporte pera 4" | C21: Un.
A22: 1.13 | B22: Pasante en muro contencion 4" | C22: Un.
A23: - | B23: Tubería Bajantes
A24: 1.14 | B24: Tuberia De ø4" PVC-Sanitaria | C24: Ml.
A25: 1.15 | B25: Tuberia De ø3" PVC-Sanitaria | C25: Ml.
A26: 1.16 | B26: Tuberia De ø2" PVC-Sanitaria | C26: Ml.
A27: 1.20 | B27: Soporte riel chanel 4" | C27: Un.
A28: 1.21 | B28: Soporte riel chanel 3" | C28: Un.
A29: 1.22 | B29: Soporte riel chanel 2" | C29: Un.
A30: - | B30: Tubería Colectores Enterrados
A31: 1.23 | B31: Tuberia De ø3" PVC-Sanitaria | C31: Ml.
A32: 1.24 | B32: Tuberia De ø4" PVC-Sanitaria | C32: Ml.
A33: - | B33: Cajas de Inspección en mamposteria (medidas internas)
A34: 1.25 | B34: Hmax. 1,00 mt 1,00 × 1,00 | C34: Un.
A35: 1.26 | B35: Hmax. 2,50 mt 2,50 × 2,00 Pozo eyector | C35: Un.
A36: - | B36: Movimientos de Tierra
A37: 1.27 | B37: Excavación en material Comun | C37: M3
A38: 1.28 | B38: Relleno Material Seleccionado | C38: M3
A39: - | B39: Uniones / Accesorios
B40: Tapon de Prueba D=2" | C40: Un.
B41: Tapon de Prueba D=3" | C41: Un.
B42: Tapon de Prueba D=4" | C42: Un.
A43: 1.29 | B43: Empalme PVC Serie 40 DWV D=4x4" | C43: Un.
A44: 1.30 | B44: Adaptador de limpieza D=4" | C44: Un.
A45: 1.31 | B45: Buje sanitario D=2x2" | C45: Un.
A46: 1.32 | B46: Buje sanitario D=3x3" | C46: Un.
A47: 1.33 | B47: Buje sanitario D=3x2" | C47: Un.
A48: 1.34 | B48: Buje sanitario D=4x2" | C48: Un.
A49: 1.35 | B49: Buje sanitario D=4x3" | C49: Un.
A50: 1.36 | B50: Buje sanitario D=4x4" | C50: Un.
A51: 1.37 | B51: Codo sanitario 45° D=2" (CXE) | C51: Un.
A52: 1.38 | B52: Codo sanitario 45° D=3" (CXE) | C52: Un.
A53: 1.39 | B53: Codo sanitario 45° D=4" (CXE) | C53: Un.
A54: 1.40 | B54: Codo sanitario 90° D=2" (CXE) | C54: Un.
... A76: 1.61 | B76: Juntas de expasion D=4" | C76: Un.
A77: - | B77: Estación Elevadora
A78: 1.62 | B78: Tubería PVC Presión De ø4" RDE 21montante | C78: Ml.
A79: 1.63 | B79: Tubería PVC Presión De ø4" RDE 21 terreno | C79: Ml.
A80: 1.64 | B80: Soporte riel chanel 4" | C80: Un.
A81: 1.65 | B81: Válvulas de Compuerta De ø4" | C81: Un.
A82: 1.66 | B82: Unión universal pvc Ø4" | C82: Un.
A83: 1.67 | B83: Cheque Compuerta De ø4" | C83: Un.
A84: 1.68 | B84: Excavación en material Comun | C84: M3
A85: 1.69 | B85: Relleno Material Seleccionado | C85: M3
A86: - | B86: Equipo de Bombeo Sumergible
A87: 1.70 | B87: Conexión hidráulica Equipo eyector de aguas lluvias. Consistente en 2 bombas alternas-aditivas, cada una con las siguientes condiciones de operación: Q= 15,00 lps, H=8,00 mt., (NO SE INCLUYE SUMINISTRO DE EQUIPO DE BOMBEO) | C87: Un.
A88: 2 | B88: REDES AGUAS NEGRAS
A89: - | B89: Puntos, incluyen 1,00 mt a menos que se indique lo contrario
A90: 2.01 | B90: Puntos Desagües ø2" de muro | C90: Un.
A91: 2.02 | B91: Puntos Desagües ø2" sifon | C91: Un.
A92: 2.03 | B92: Puntos Desagües ø4" | C92: Un.
A93: 2.04 | B93: Puntos Ventilación ø2" | C93: Un.
A94: 2.05 | B94: Puntos Interconexión Ban-Vent ø4" | C94: Un.
A95: 2.06 | B95: Puntos reductores de velocidad en BAN | C95: Un.
A96: 2.07 | B96: Puntos Remate de Ventilación ø3" | C96: Un.
A97: 2.08 | B97: Puntos Remate de Ventilación ø4" | C97: Un.
A98: 2.09 | B98: Pasantes en placa ø2" (sacanucleos) | C98: Un.
A99: 2.10 | B99: Pasantes en placa ø4" (sacanucleos) | C99: Un.
A100: - | B100: Tubería Colectores Descolgados
A101: 2.11 | B101: Tuberia De ø2" PVC-Sanitaria | C101: Ml.
A102: 2.12 | B102: Tuberia De ø4" PVC-Sanitaria | C102: Ml.
A103: 2.13 | B103: Tuberia De ø2" PVC-Ventilación | C103: Ml.
A104: 2.14 | B104: Tuberia De ø4" PVC-Ventilación | C104: Ml.
A105: 2.15 | B105: Soporte pera 2" | C105: Un.
A106: 2.16 | B106: Soporte pera 4" | C106: Un.
A107: 2.17 | B107: Pasante en muro contencion 4" | C107: Un.
A108: 2.18 | B108: Pasante en muro contencion 2" | C108: Un.
A109: - | B109: Tubería Colectores Enterrados
A110: 2.19 | B110: Tuberia De ø4" PVC-Sanitaria | C110: Ml.
A111: 2.20 | B111: Tuberia De ø6" PVC-Pared Estructurada | C111: Ml.
A112: 2.21 | B112: Tuberia De ø8" PVC-Pared Estructurada | C112: Ml.
A113: - | B113: Tuberia Bajantes y Ventilación
A114: 2.22 | B114: Tuberia De ø4" PVC-Sanitaria | C114: Ml.
A115: 2.23 | B115: Tuberia De ø4" PVC-Ventilación | C115: Ml.
A116: 2.24 | B116: Junta de expansión 4" PVC-S | C116: Un.
A117: 2.25 | B117: Soporte riel chanel 4" | C117: Un.
A118: - | B118: Cajas de Inspección (medidas internas)
A119: 2.26 | B119: Registro sanitario 1.00 x 1.00m | C119: Un.
A120: - | B120: Movimientos de Tierra
A121: 2.27 | B121: Excavación en material Comun | C121: M3
A122: 2.28 | B122: Relleno Material Seleccionado | C122: M3
A123: - | B123: Acometida alcantarillado
...

Sheet BD_REVIT
A1: PROYECTO: UNIQUE 76
A2: BASE DE DATOS REVIT – RCI
A3: Edite solo la columna amarilla 'Código NIVEL' para asignar elementos. Ítem, Und. y Estado se calculan.
A5: ID | B5: Categoría | C5: Código NIVEL | D5: Ítem NIVEL | E5: Und. | F5: Nivel de piso | G5: Orden nivel | H5: Cantidad | I5: Familia / tipo Revit | J5: Descripción Revit | K5: Tamaño / diámetro | L5: Comentarios | M5: Estado | N5: Origen asignación
A6: 1 | B6: Accesorios | C6: 7.64 | D6: =IF(C6="","",IFERROR(INDEX(NIVEL!$B:$B,MATCH(C6,NIVEL!$A:$A,0)),"¡Código no existe!")) -> Junta de Expansión Antivibratoria D=2" | E6: =IF(C6="","",IFERROR(INDEX(NIVEL!$C:$C,MATCH(C6,NIVEL!$A:$A,0)),"")) -> Un. | F6: Nivel Cuarto de Bomba Sub | G6: =IFERROR(MATCH(F6,LISTAS!$D$2:$D$22,0),99) -> 1 | H6: 1 | I6: IDC_JUNTA DE EXPANCION ANTIVIBRATORIA: IDC_JUNTA DE EXPANCION ANTIVIBRATORIA | J6: JUNTA DE EXPANCIÓN ANTIVIBRATORIA | K6: 2"ø-2"ø | M6: =IF(C6="","SIN ASIGNAR","ASIGNADO") -> ASIGNADO | N6: Cruce Revit
A7: 2 | B7: Accesorios | C7: 7.69 | D7: =IF(C7="","",IFERROR(INDEX(NIVEL!$B:$B,MATCH(C7,NIVEL!$A:$A,0)),"¡Código no existe!")) -> Válvulas de Compuerta De ø2" | E7: =IF(C7="","",IFERROR(INDEX(NIVEL!$C:$C,MATCH(C7,NIVEL!$A:$A,0)),"")) -> Un. | F7: Nivel Cuarto de Bomba Sub | G7: =IFERROR(MATCH(F7,LISTAS!$D$2:$D$22,0),99) -> 1 | H7: 1 | I7: IDC_VALVULA DE COMPUERTA: 2 Inch | J7: VÁLVULA DE COMPUERTA | K7: 2"ø-2"ø | M7: =IF(C7="","SIN ASIGNAR","ASIGNADO") -> ASIGNADO | N7: Cruce Revit
A8: 3 | B8: Accesorios | C8: 7.69 | D8: =IF(C8="","",IFERROR(INDEX(NIVEL!$B:$B,MATCH(C8,NIVEL!$A:$A,0)),"¡Código no existe!")) -> Válvulas de Compuerta De ø2" | E8: =IF(C8="","",IFERROR(INDEX(NIVEL!$C:$C,MATCH(C8,NIVEL!$A:$A,0)),"")) -> Un. | F8: Nivel Cuarto de Bomba Sub | G8: =IFERROR(MATCH(F8,LISTAS!$D$2:$D$22,0),99) -> 1 | H8: 1 | I8: IDC_VALVULA DE COMPUERTA: 2 Inch | J8: VÁLVULA DE COMPUERTA | K8: 2"ø-2"ø | M8: =IF(C8="","SIN ASIGNAR","ASIGNADO") -> ASIGNADO | N8: Cruce Revit
A9: 4 | B9: Accesorios | C9: 7.69 | D9: =IF(C9="","",IFERROR(INDEX(NIVEL!$B:$B,MATCH(C9,NIVEL!$A:$A,0)),"¡Código no existe!")) -> Válvulas de Compuerta De ø2" | E9: =IF(C9="","",IFERROR(INDEX(NIVEL!$C:$C,MATCH(C9,NIVEL!$A:$A,0)),"")) -> Un. | F9: Nivel Cuarto de Bomba Sub | G9: =IFERROR(MATCH(F9,LISTAS!$D$2:$D$22,0),99) -> 1 | H9: 1 | I9: IDC_VALVULA DE COMPUERTA: 1 Inch | J9: VÁLVULA DE COMPUERTA | K9: 2"ø-2"ø | M9: =IF(C9="","SIN ASIGNAR","ASIGNADO") -> ASIGNADO | N9: Revisión 2026-10-08
A10: 5 | B10: Accesorios | C10: 7.85 | D10: =IF(C10="","",IFERROR(INDEX(NIVEL!$B:$B,MATCH(C10,NIVEL!$A:$A,0)),"¡Código no existe!")) -> Cabezal de Pruebas De ø6" con 3 salidas de ø2½" | E10: =IF(C10="","",IFERROR(INDEX(NIVEL!$C:$C,MATCH(C10,NIVEL!$A:$A,0)),"")) -> Un. | F10: Nivel Cuarto de Bomba Sub | G10: =IFERROR(MATCH(F10,LISTAS!$D$2:$D$22,0),99) -> 1 | H10: 1 | I10: IDC_CABEZAL DE PRUEBAS: IDC_CABEZAL DE PRUEBAS | J10: CABEZAL DE PRUEBA CON TRES SALIDAS ø2 1/2 | K10: 6"ø | M10: =IF(C10="","SIN ASIGNAR","ASIGNADO") -> ASIGNADO | N10: Cruce Revit
A11: 6 | B11: Accesorios | C11: 7.86 | D11: =IF(C11="","",IFERROR(INDEX(NIVEL!$B:$B,MATCH(C11,NIVEL!$A:$A,0)),"¡Código no existe!")) -> Caudalimetro D=6" | E11: =IF(C11="","",IFERROR(INDEX(NIVEL!$C:$C,MATCH(C11,NIVEL!$A:$A,0)),"")) -> Un. | F11: Nivel Cuarto de Bomba Sub | G11: =IFERROR(MATCH(F11,LISTAS!$D$2:$D$22,0),99) -> 1 | H11: 1 | I11: IDC_CAUDALIMETRO: Default | J11: CAUDALIMETRO | K11: 6"ø-6"ø | M11: =IF(C11="","SIN ASIGNAR","ASIGNADO") -> ASIGNADO | N11: Cruce Revit
A12: 7 | B12: Accesorios | C12: 7.19 | D12: =IF(C12="","",IFERROR(INDEX(NIVEL!$B:$B,MATCH(C12,NIVEL!$A:$A,0)),"¡Código no existe!")) -> Pasante en muro contencion 6" | E12: =IF(C12="","",IFERROR(INDEX(NIVEL!$C:$C,MATCH(C12,NIVEL!$A:$A,0)),"")) -> Un. | F12: Nivel Cuarto de Bomba Sub | G12: =IFERROR(MATCH(F12,LISTAS!$D$2:$D$22,0),99) -> 1 | H12: 1 | I12: IDC_PASE RUANA EXTREMOS BRIDADOS: IDC_PASE RUANA EXTREMOS BRIDADOS | J12: PASE EN ACERO CON RUANA PASA MUROS | K12: 6"ø-6"ø | M12: =IF(C12="","SIN ASIGNAR","ASIGNADO") -> ASIGNADO | N12: Revisión 2026-10-08
A13: 8 | B13: Accesorios | C13: 7.81 | D13: =IF(C13="","",IFERROR(INDEX(NIVEL!$B:$B,MATCH(C13,NIVEL!$A:$A,0)),"¡Código no existe!")) -> Placa Antivortice De ø6" | E13: =IF(C13="","",IFERROR(INDEX(NIVEL!$C:$C,MATCH(C13,NIVEL!$A:$A,0)),"")) -> Un. | F13: Nivel Cuarto de Bomba Sub | G13: =IFERROR(MATCH(F13,LISTAS!$D$2:$D$22,0),99) -> 1 | H13: 1 | I13: IDC_PLATINA ANTIVORTICE: PLATINA ANTIVORTICE | J13: PLATINA ANTI-VÓRTICE DE 0.30 * 0.30 m | K13: 6"ø-6"ø | M13: =IF(C13="","SIN ASIGNAR","ASIGNADO") -> ASIGNADO | N13: Cruce Revit
A14: 9 | B14: Accesorios | C14: 7.78 | D14: =IF(C14="","",IFERROR(INDEX(NIVEL!$B:$B,MATCH(C14,NIVEL!$A:$A,0)),"¡Código no existe!")) -> Válvulas OS&Y De ø6" | E14: =IF(C14="","",IFERROR(INDEX(NIVEL!$C:$C,MATCH(C14,NIVEL!$A:$A,0)),"")) -> Un. | F14: Nivel Cuarto de Bomba Sub | G14: =IFERROR(MATCH(F14,LISTAS!$D$2:$D$22,0),99) -> 1 | H14: 1 | I14: IDC_VALVULA DE VASTAGO: VALVULA OS&Y | J14: VÁLVULA DE VÁSTAGO | K14: 6"ø-6"ø | M14: =IF(C14="","SIN ASIGNAR","ASIGNADO") -> ASIGNADO | N14: Cruce Revit
A15: 10 | B15: Accesorios | C15: 7.78 | D15: =IF(C15="","",IFERROR(INDEX(NIVEL!$B:$B,MATCH(C15,NIVEL!$A:$A,0)),"¡Código no existe!")) -> Válvulas OS&Y De ø6" | E15: =IF(C15="","",IFERROR(INDEX(NIVEL!$C:$C,MATCH(C15,NIVEL!$A:$A,0)),"")) -> Un. | F15: Nivel Cuarto de Bomba Sub | G15: =IFERROR(MATCH(F15,LISTAS!$D$2:$D$22,0),99) -> 1 | H15: 1 | I15: IDC_VALVULA DE VASTAGO: VALVULA OS&Y | J15: VÁLVULA DE VÁSTAGO | K15: 6"ø-6"ø | M15: =IF(C15="","SIN ASIGNAR","ASIGNADO") -> ASIGNADO | N15: Cruce Revit
A16: 11 | B16: Accesorios | C16: 7.78 | D16: =IF(C16="","",IFERROR(INDEX(NIVEL!$B:$B,MATCH(C16,NIVEL!$A:$A,0)),"¡Código no existe!")) -> Válvulas OS&Y De ø6" | E16: =IF(C16="","",IFERROR(INDEX(NIVEL!$C:$C,MATCH(C16,NIVEL!$A:$A,0)),"")) -> Un. | F16: Nivel Cuarto de Bomba Sub | G16: =IFERROR(MATCH(F16,LISTAS!$D$2:$D$22,0),99) -> 1 | H16: 1 | I16: IDC_VALVULA DE VASTAGO: VALVULA OS&Y | J16: VÁLVULA DE VÁSTAGO | K16: 6"ø-6"ø | M16: =IF(C16="","SIN ASIGNAR","ASIGNADO") -> ASIGNADO | N16: Cruce Revit
A17: 12 | B17: Accesorios | C17: 7.78 | D17: =IF(C17="","",IFERROR(INDEX(NIVEL!$B:$B,MATCH(C17,NIVEL!$A:$A,0)),"¡Código no existe!")) -> Válvulas OS&Y De ø6" | E17: =IF(C17="","",IFERROR(INDEX(NIVEL!$C:$C,MATCH(C17,NIVEL!$A:$A,0)),"")) -> Un. | F17: Nivel Cuarto de Bomba Sub | G17: =IFERROR(MATCH(F17,LISTAS!$D$2:$D$22,0),99) -> 1 | H17: 1 | I17: IDC_VALVULA DE VASTAGO: VALVULA OS&Y | J17: VÁLVULA DE VÁSTAGO | K17: 6"ø-6"ø | M17: =IF(C17="","SIN ASIGNAR","ASIGNADO") -> ASIGNADO | N17: Cruce Revit
... A20: 15 | B20: Accesorios | C20: 7.78 | D20: =IF(C20="","",IFERROR(INDEX(NIVEL!$B:$B,MATCH(C20,NIVEL!$A:$A,0)),"¡Código no existe!")) -> Válvulas OS&Y De ø6" | E20: =IF(C20="","",IFERROR(INDEX(NIVEL!$C:$C,MATCH(C20,NIVEL!$A:$A,0)),"")) -> Un. | F20: Nivel Cuarto de Bomba Sub | G20: =IFERROR(MATCH(F20,LISTAS!$D$2:$D$22,0),99) -> 1 | H20: 1 | I20: IDC_VALVULA DE VASTAGO: VALVULA OS&Y | J20: VÁLVULA DE VÁSTAGO | K20: 6"ø-6"ø | M20: =IF(C20="","SIN ASIGNAR","ASIGNADO") -> ASIGNADO | N20: Cruce Revit
A21: 16 | B21: Accesorios | C21: 7.36 | D21: =IF(C21="","",IFERROR(INDEX(NIVEL!$B:$B,MATCH(C21,NIVEL!$A:$A,0)),"¡Código no existe!")) -> Suministro y Conexión válvula sensora de flujo y válvula de control abierto-cerrado ø2-1/2" | E21: =IF(C21="","",IFERROR(INDEX(NIVEL!$C:$C,MATCH(C21,NIVEL!$A:$A,0)),"")) -> Un. | F21: Nivel Sótano 3 | G21: =IFERROR(MATCH(F21,LISTAS!$D$2:$D$22,0),99) -> 3 | H21: 1 | I21: VKV EasyPac Floor Control Riser Manifold: GxG 2 1/2" EasyPac with Test and Drain w/ Relief Va | K21: 2 1/2"ø-2 1/2"ø-1 1/4"ø | M21: =IF(C21="","SIN ASIGNAR","ASIGNADO") -> ASIGNADO | N21: Revisión 2026-10-08
A22: 17 | B22: Accesorios | C22: 7.36 | D22: =IF(C22="","",IFERROR(INDEX(NIVEL!$B:$B,MATCH(C22,NIVEL!$A:$A,0)),"¡Código no existe!")) -> Suministro y Conexión válvula sensora de flujo y válvula de control abierto-cerrado ø2-1/2" | E22: =IF(C22="","",IFERROR(INDEX(NIVEL!$C:$C,MATCH(C22,NIVEL!$A:$A,0)),"")) -> Un. | F22: Nivel Sótano 2 | G22: =IFERROR(MATCH(F22,LISTAS!$D$2:$D$22,0),99) -> 4 | H22: 1 | I22: VKV EasyPac Floor Control Riser Manifold: GxG 2 1/2" EasyPac with Test and Drain w/ Relief Va | K22: 2 1/2"ø-2 1/2"ø-1 1/4"ø | M22: =IF(C22="","SIN ASIGNAR","ASIGNADO") -> ASIGNADO | N22: Revisión 2026-10-08
A23: 18 | B23: Accesorios | C23: 7.36 | D23: =IF(C23="","",IFERROR(INDEX(NIVEL!$B:$B,MATCH(C23,NIVEL!$A:$A,0)),"¡Código no existe!")) -> Suministro y Conexión válvula sensora de flujo y válvula de control abierto-cerrado ø2-1/2" | E23: =IF(C23="","",IFERROR(INDEX(NIVEL!$C:$C,MATCH(C23,NIVEL!$A:$A,0)),"")) -> Un. | F23: Nivel Sótano 1 | G23: =IFERROR(MATCH(F23,LISTAS!$D$2:$D$22,0),99) -> 5 | H23: 1 | I23: VKV EasyPac Floor Control Riser Manifold: GxG 2 1/2" EasyPac with Test and Drain w/ Relief Va | K23: 2 1/2"ø-2 1/2"ø-1 1/4"ø | M23: =IF(C23="","SIN ASIGNAR","ASIGNADO") -> ASIGNADO | N23: Revisión 2026-10-08
A24: 19 | B24: Accesorios | C24: 7.36 | D24: =IF(C24="","",IFERROR(INDEX(NIVEL!$B:$B,MATCH(C24,NIVEL!$A:$A,0)),"¡Código no existe!")) -> Suministro y Conexión válvula sensora de flujo y válvula de control abierto-cerrado ø2-1/2" | E24: =IF(C24="","",IFERROR(INDEX(NIVEL!$C:$C,MATCH(C24,NIVEL!$A:$A,0)),"")) -> Un. | F24: Nivel Semisótano | G24: =IFERROR(MATCH(F24,LISTAS!$D$2:$D$22,0),99) -> 6 | H24: 1 | I24: VKV EasyPac Floor Control Riser Manifold: GxG 2 1/2" EasyPac with Test and Drain w/ Relief Va | K24: 2 1/2"ø-2 1/2"ø-1 1/4"ø | M24: =IF(C24="","SIN ASIGNAR","ASIGNADO") -> ASIGNADO | N24: Revisión 2026-10-08
A25: 20 | B25: Accesorios | C25: 7.36 | D25: =IF(C25="","",IFERROR(INDEX(NIVEL!$B:$B,MATCH(C25,NIVEL!$A:$A,0)),"¡Código no existe!")) -> Suministro y Conexión válvula sensora de flujo y válvula de control abierto-cerrado ø2-1/2" | E25: =IF(C25="","",IFERROR(INDEX(NIVEL!$C:$C,MATCH(C25,NIVEL!$A:$A,0)),"")) -> Un. | F25: Nivel 1 | G25: =IFERROR(MATCH(F25,LISTAS!$D$2:$D$22,0),99) -> 7 | H25: 1 | I25: VKV EasyPac Floor Control Riser Manifold: GxG 2 1/2" EasyPac with Test and Drain w/ Relief Va | K25: 2 1/2"ø-2 1/2"ø-1 1/4"ø | M25: =IF(C25="","SIN ASIGNAR","ASIGNADO") -> ASIGNADO | N25: Revisión 2026-10-08
A26: 21 | B26: Accesorios | C26: 7.36 | D26: =IF(C26="","",IFERROR(INDEX(NIVEL!$B:$B,MATCH(C26,NIVEL!$A:$A,0)),"¡Código no existe!")) -> Suministro y Conexión válvula sensora de flujo y válvula de control abierto-cerrado ø2-1/2" | E26: =IF(C26="","",IFERROR(INDEX(NIVEL!$C:$C,MATCH(C26,NIVEL!$A:$A,0)),"")) -> Un. | F26: Nivel 1 | G26: =IFERROR(MATCH(F26,LISTAS!$D$2:$D$22,0),99) -> 7 | H26: 1 | I26: VKV EasyPac Floor Control Riser Manifold: GxG 2 1/2" EasyPac with Test and Drain w/ Relief Va | K26: 2 1/2"ø-2 1/2"ø-1 1/4"ø | M26: =IF(C26="","SIN ASIGNAR","ASIGNADO") -> ASIGNADO | N26: Revisión 2026-10-08
A27: 22 | B27: Accesorios | C27: 7.115 | D27: =IF(C27="","",IFERROR(INDEX(NIVEL!$B:$B,MATCH(C27,NIVEL!$A:$A,0)),"¡Código no existe!")) -> Válvula de Cheque Ranurado De ø4" | E27: =IF(C27="","",IFERROR(INDEX(NIVEL!$C:$C,MATCH(C27,NIVEL!$A:$A,0)),"")) -> Un. | F27: Nivel 1 | G27: =IFERROR(MATCH(F27,LISTAS!$D$2:$D$22,0),99) -> 7 | H27: 1 | I27: Fire-Protection_UWP_Swing-Check-Valve_Grooved: 4" | K27: 4"ø-4"ø | M27: =IF(C27="","SIN ASIGNAR","ASIGNADO") -> ASIGNADO | N27: Revisión 2026-10-08
A28: 23 | B28: Accesorios | C28: 7.36 | D28: =IF(C28="","",IFERROR(INDEX(NIVEL!$B:$B,MATCH(C28,NIVEL!$A:$A,0)),"¡Código no existe!")) -> Suministro y Conexión válvula sensora de flujo y válvula de control abierto-cerrado ø2-1/2" | E28: =IF(C28="","",IFERROR(INDEX(NIVEL!$C:$C,MATCH(C28,NIVEL!$A:$A,0)),"")) -> Un. | F28: Nivel 2 | G28: =IFERROR(MATCH(F28,LISTAS!$D$2:$D$22,0),99) -> 8 | H28: 1 | I28: VKV EasyPac Floor Control Riser Manifold: GxG 2 1/2" EasyPac with Test and Drain w/ Relief Va | K28: 2 1/2"ø-2 1/2"ø-1 1/4"ø | M28: =IF(C28="","SIN ASIGNAR","ASIGNADO") -> ASIGNADO | N28: Revisión 2026-10-08
A29: 24 | B29: Accesorios | C29: 7.114 | D29: =IF(C29="","",IFERROR(INDEX(NIVEL!$B:$B,MATCH(C29,NIVEL!$A:$A,0)),"¡Código no existe!")) -> Válvula de Compuerta De ø1" | E29: =IF(C29="","",IFERROR(INDEX(NIVEL!$C:$C,MATCH(C29,NIVEL!$A:$A,0)),"")) -> Un. | F29: Nivel 13 | G29: =IFERROR(MATCH(F29,LISTAS!$D$2:$D$22,0),99) -> 19 | H29: 1 | I29: IDC_VALVULA DE COMPUERTA1: 1 Inch 2 | J29: VÁLVULA DE COMPUERTA 1" | K29: 1"ø-1"ø | M29: =IF(C29="","SIN ASIGNAR","ASIGNADO") -> ASIGNADO | N29: Revisión 2026-10-08
A30: 25 | B30: Accesorios | C30: 7.114 | D30: =IF(C30="","",IFERROR(INDEX(NIVEL!$B:$B,MATCH(C30,NIVEL!$A:$A,0)),"¡Código no existe!")) -> Válvula de Compuerta De ø1" | E30: =IF(C30="","",IFERROR(INDEX(NIVEL!$C:$C,MATCH(C30,NIVEL!$A:$A,0)),"")) -> Un. | F30: Nivel 13 | G30: =IFERROR(MATCH(F30,LISTAS!$D$2:$D$22,0),99) -> 19 | H30: 1 | I30: IDC_VALVULA DE COMPUERTA1: 1 Inch 2 | J30: VÁLVULA DE COMPUERTA 1" | K30: 1"ø-1"ø | M30: =IF(C30="","SIN ASIGNAR","ASIGNADO") -> ASIGNADO | N30: Revisión 2026-10-08
A31: 26 | B31: Accesorios | C31: 7.89 | D31: =IF(C31="","",IFERROR(INDEX(NIVEL!$B:$B,MATCH(C31,NIVEL!$A:$A,0)),"¡Código no existe!")) -> Manometro 0-300 psi | E31: =IF(C31="","",IFERROR(INDEX(NIVEL!$C:$C,MATCH(C31,NIVEL!$A:$A,0)),"")) -> Un. | F31: Nivel 14 | G31: =IFERROR(MATCH(F31,LISTAS!$D$2:$D$22,0),99) -> 20 | H31: 1 | I31: IDC_MANOMETRO DE GLICERINA: IDC_MANOMETRO DE GLICERINA | J31: MANÓMETRO DE GLICERINA | K31: 1"ø | M31: =IF(C31="","SIN ASIGNAR","ASIGNADO") -> ASIGNADO | N31: Cruce Revit
A32: 27 | B32: Accesorios | C32: 7.89 | D32: =IF(C32="","",IFERROR(INDEX(NIVEL!$B:$B,MATCH(C32,NIVEL!$A:$A,0)),"¡Código no existe!")) -> Manometro 0-300 psi | E32: =IF(C32="","",IFERROR(INDEX(NIVEL!$C:$C,MATCH(C32,NIVEL!$A:$A,0)),"")) -> Un. | F32: Nivel 14 | G32: =IFERROR(MATCH(F32,LISTAS!$D$2:$D$22,0),99) -> 20 | H32: 1 | I32: IDC_MANOMETRO DE GLICERINA: IDC_MANOMETRO DE GLICERINA | J32: MANÓMETRO DE GLICERINA | K32: 1"ø | M32: =IF(C32="","SIN ASIGNAR","ASIGNADO") -> ASIGNADO | N32: Cruce Revit
A33: 28 | B33: Accesorios | C33: 7.87 | D33: =IF(C33="","",IFERROR(INDEX(NIVEL!$B:$B,MATCH(C33,NIVEL!$A:$A,0)),"¡Código no existe!")) -> Valvula Ventosa Restrictora UL/FM De ø1" | E33: =IF(C33="","",IFERROR(INDEX(NIVEL!$C:$C,MATCH(C33,NIVEL!$A:$A,0)),"")) -> Un. | F33: Nivel 14 | G33: =IFERROR(MATCH(F33,LISTAS!$D$2:$D$22,0),99) -> 20 | H33: 1 | I33: IDC_VALVULA EXPULSORA DE AIRE: 3/4” F x 3/8” F | J33: VÁLVULA EXPULSORA DE AIRE 1" | K33: 1"ø | M33: =IF(C33="","SIN ASIGNAR","ASIGNADO") -> ASIGNADO | N33: Cruce Revit
A34: 29 | B34: Accesorios | C34: 7.87 | D34: =IF(C34="","",IFERROR(INDEX(NIVEL!$B:$B,MATCH(C34,NIVEL!$A:$A,0)),"¡Código no existe!")) -> Valvula Ventosa Restrictora UL/FM De ø1" | E34: =IF(C34="","",IFERROR(INDEX(NIVEL!$C:$C,MATCH(C34,NIVEL!$A:$A,0)),"")) -> Un. | F34: Nivel 14 | G34: =IFERROR(MATCH(F34,LISTAS!$D$2:$D$22,0),99) -> 20 | H34: 1 | I34: IDC_VALVULA EXPULSORA DE AIRE: 3/4” F x 3/8” F | J34: VÁLVULA EXPULSORA DE AIRE 1" | K34: 1"ø | M34: =IF(C34="","SIN ASIGNAR","ASIGNADO") -> ASIGNADO | N34: Cruce Revit
A35: 30 | B35: Accesorios | C35: 7.114 | D35: =IF(C35="","",IFERROR(INDEX(NIVEL!$B:$B,MATCH(C35,NIVEL!$A:$A,0)),"¡Código no existe!")) -> Válvula de Compuerta De ø1" | E35: =IF(C35="","",IFERROR(INDEX(NIVEL!$C:$C,MATCH(C35,NIVEL!$A:$A,0)),"")) -> Un. | F35: Nivel 14 | G35: =IFERROR(MATCH(F35,LISTAS!$D$2:$D$22,0),99) -> 20 | H35: 1 | I35: IDC_VALVULA DE COMPUERTA1: 1 Inch 2 | J35: VÁLVULA DE COMPUERTA 1" | K35: 1"ø-1"ø | M35: =IF(C35="","SIN ASIGNAR","ASIGNADO") -> ASIGNADO | N35: Revisión 2026-10-08
A36: 31 | B36: Accesorios | C36: 7.114 | D36: =IF(C36="","",IFERROR(INDEX(NIVEL!$B:$B,MATCH(C36,NIVEL!$A:$A,0)),"¡Código no existe!")) -> Válvula de Compuerta De ø1" | E36: =IF(C36="","",IFERROR(INDEX(NIVEL!$C:$C,MATCH(C36,NIVEL!$A:$A,0)),"")) -> Un. | F36: Nivel 14 | G36: =IFERROR(MATCH(F36,LISTAS!$D$2:$D$22,0),99) -> 20 | H36: 1 | I36: IDC_VALVULA DE COMPUERTA1: 1 Inch 2 | J36: VÁLVULA DE COMPUERTA 1" | K36: 1"ø-1"ø | M36: =IF(C36="","SIN ASIGNAR","ASIGNADO") -> ASIGNADO | N36: Revisión 2026-10-08
A37: 32 | B37: Accesorios | C37: 7.114 | D37: =IF(C37="","",IFERROR(INDEX(NIVEL!$B:$B,MATCH(C37,NIVEL!$A:$A,0)),"¡Código no existe!")) -> Válvula de Compuerta De ø1" | E37: =IF(C37="","",IFERROR(INDEX(NIVEL!$C:$C,MATCH(C37,NIVEL!$A:$A,0)),"")) -> Un. | F37: Nivel 14 | G37: =IFERROR(MATCH(F37,LISTAS!$D$2:$D$22,0),99) -> 20 | H37: 1 | I37: IDC_VALVULA DE COMPUERTA1: 1 Inch 2 | J37: VÁLVULA DE COMPUERTA 1" | K37: 1"ø-1"ø | M37: =IF(C37="","SIN ASIGNAR","ASIGNADO") -> ASIGNADO | N37: Revisión 2026-10-08
A38: 33 | B38: Accesorios | C38: 7.114 | D38: =IF(C38="","",IFERROR(INDEX(NIVEL!$B:$B,MATCH(C38,NIVEL!$A:$A,0)),"¡Código no existe!")) -> Válvula de Compuerta De ø1" | E38: =IF(C38="","",IFERROR(INDEX(NIVEL!$C:$C,MATCH(C38,NIVEL!$A:$A,0)),"")) -> Un. | F38: Nivel 14 | G38: =IFERROR(MATCH(F38,LISTAS!$D$2:$D$22,0),99) -> 20 | H38: 1 | I38: IDC_VALVULA DE COMPUERTA1: 1 Inch 2 | J38: VÁLVULA DE COMPUERTA 1" | K38: 1"ø-1"ø | M38: =IF(C38="","SIN ASIGNAR","ASIGNADO") -> ASIGNADO | N38: Revisión 2026-10-08
A39: 34 | B39: Equipos | C39: 7.100 | D39: =IF(C39="","",IFERROR(INDEX(NIVEL!$B:$B,MATCH(C39,NIVEL!$A:$A,0)),"¡Código no existe!")) -> Suministro y Conexión Hidráulica Bomba Contraincendio. Condiciones de operación; Caudal Q=750 GPM, 187 MCA. Incluye tableros, suiches de nivel, tanque de Presión y demás accesorios para el correcto funcionamiento. No incluye cableado. (SE RECOMIENDA QUE LA INSTALACIÓN DEL EQUIPO DE BOMBEO, DESFOGUE Y TANQUE DIESEL SEA REALIZADA POR EL MISMO PROVEEDOR DEL SUMINISTRO). | E39: =IF(C39="","",IFERROR(INDEX(NIVEL!$C:$C,MATCH(C39,NIVEL!$A:$A,0)),"")) -> Un. | G39: =IFERROR(MATCH(F39,LISTAS!$D$2:$D$22,0),99) -> 99 | H39: 1 | I39: LS model | M39: =IF(C39="","SIN ASIGNAR","ASIGNADO") -> ASIGNADO | N39: Revisión 2026-10-08
A40: 35 | B40: Equipos | C40: 7.101 | D40: =IF(C40="","",IFERROR(INDEX(NIVEL!$B:$B,MATCH(C40,NIVEL!$A:$A,0)),"¡Código no existe!")) -> Suministro y Conexión Hidráulica Bomba Jockey Caudal Q= 7,5 GPM, HT= 142 m, incluye tablero, suiches de nivel, presóstato, manómetro y demás accesorios para el correcto funcionamiento. No incluye cableado. (SE RECOMIENDA QUE LA INSTALACIÓN DEL EQUIPO DE BOMBEO SEA REALIZADA POR EL MISMO PROVEEDOR DEL SUMINISTRO). | E40: =IF(C40="","",IFERROR(INDEX(NIVEL!$C:$C,MATCH(C40,NIVEL!$A:$A,0)),"")) -> Un. | G40: =IFERROR(MATCH(F40,LISTAS!$D$2:$D$22,0),99) -> 99 | H40: 1 | I40: USE TYPE CATALOG | M40: =IF(C40="","SIN ASIGNAR","ASIGNADO") -> ASIGNADO | N40: Revisión 2026-10-08
A41: 36 | B41: Equipos | C41: 7.116 | D41: =IF(C41="","",IFERROR(INDEX(NIVEL!$B:$B,MATCH(C41,NIVEL!$A:$A,0)),"¡Código no existe!")) -> Base en concreto para equipo de bombeo | E41: =IF(C41="","",IFERROR(INDEX(NIVEL!$C:$C,MATCH(C41,NIVEL!$A:$A,0)),"")) -> Un. | G41: =IFERROR(MATCH(F41,LISTAS!$D$2:$D$22,0),99) -> 99 | H41: 1 | I41: IDC_BASE DE CONCRETO | M41: =IF(C41="","SIN ASIGNAR","ASIGNADO") -> ASIGNADO | N41: Revisión 2026-10-08
A42: 37 | B42: Rociadores | C42: 7.06 | D42: =IF(C42="","",IFERROR(INDEX(NIVEL!$B:$B,MATCH(C42,NIVEL!$A:$A,0)),"¡Código no existe!")) -> Rociador Sprinkler ø1/2" K=11,2 extendida QR | E42: =IF(C42="","",IFERROR(INDEX(NIVEL!$C:$C,MATCH(C42,NIVEL!$A:$A,0)),"")) -> Un. | F42: Nivel Sótano 4 | G42: =IFERROR(MATCH(F42,LISTAS!$D$2:$D$22,0),99) -> 2 | H42: 33 | I42: IDC_ROCIADORES: ROCIADOR COLGANTE (COB ESTANDAR) | L42: SPK | M42: =IF(C42="","SIN ASIGNAR","ASIGNADO") -> ASIGNADO | N42: Cruce Revit
A43: 38 | B43: Rociadores | C43: 7.06 | D43: =IF(C43="","",IFERROR(INDEX(NIVEL!$B:$B,MATCH(C43,NIVEL!$A:$A,0)),"¡Código no existe!")) -> Rociador Sprinkler ø1/2" K=11,2 extendida QR | E43: =IF(C43="","",IFERROR(INDEX(NIVEL!$C:$C,MATCH(C43,NIVEL!$A:$A,0)),"")) -> Un. | F43: Nivel Sótano 2 | G43: =IFERROR(MATCH(F43,LISTAS!$D$2:$D$22,0),99) -> 4 | H43: 46 | I43: IDC_ROCIADORES: ROCIADOR COLGANTE (COB ESTANDAR) | L43: SPK | M43: =IF(C43="","SIN ASIGNAR","ASIGNADO") -> ASIGNADO | N43: Cruce Revit
A44: 39 | B44: Rociadores | C44: 7.06 | D44: =IF(C44="","",IFERROR(INDEX(NIVEL!$B:$B,MATCH(C44,NIVEL!$A:$A,0)),"¡Código no existe!")) -> Rociador Sprinkler ø1/2" K=11,2 extendida QR | E44: =IF(C44="","",IFERROR(INDEX(NIVEL!$C:$C,MATCH(C44,NIVEL!$A:$A,0)),"")) -> Un. | F44: Nivel Sótano 1 | G44: =IFERROR(MATCH(F44,LISTAS!$D$2:$D$22,0),99) -> 5 | H44: 72 | I44: IDC_ROCIADORES: ROCIADOR COLGANTE (COB ESTANDAR) | L44: SPK | M44: =IF(C44="","SIN ASIGNAR","ASIGNADO") -> ASIGNADO | N44: Cruce Revit
A45: 40 | B45: Rociadores | C45: 7.06 | D45: =IF(C45="","",IFERROR(INDEX(NIVEL!$B:$B,MATCH(C45,NIVEL!$A:$A,0)),"¡Código no existe!")) -> Rociador Sprinkler ø1/2" K=11,2 extendida QR | E45: =IF(C45="","",IFERROR(INDEX(NIVEL!$C:$C,MATCH(C45,NIVEL!$A:$A,0)),"")) -> Un. | F45: Nivel Semisótano | G45: =IFERROR(MATCH(F45,LISTAS!$D$2:$D$22,0),99) -> 6 | H45: 73 | I45: IDC_ROCIADORES: ROCIADOR COLGANTE (COB ESTANDAR) | L45: SPK | M45: =IF(C45="","SIN ASIGNAR","ASIGNADO") -> ASIGNADO | N45: Cruce Revit
A46: 41 | B46: Rociadores | C46: 7.05 | D46: =IF(C46="","",IFERROR(INDEX(NIVEL!$B:$B,MATCH(C46,NIVEL!$A:$A,0)),"¡Código no existe!")) -> Rociador Sprinkler ø1/2" K=5,6 estándar QR | E46: =IF(C46="","",IFERROR(INDEX(NIVEL!$C:$C,MATCH(C46,NIVEL!$A:$A,0)),"")) -> Un. | F46: Nivel 1 | G46: =IFERROR(MATCH(F46,LISTAS!$D$2:$D$22,0),99) -> 7 | H46: 94 | I46: IDC_ROCIADORES: ROCIADOR COLGANTE (COB ESTANDAR) | L46: SPK | M46: =IF(C46="","SIN ASIGNAR","ASIGNADO") -> ASIGNADO | N46: Cruce Revit
A47: 42 | B47: Rociadores | C47: 7.05 | D47: =IF(C47="","",IFERROR(INDEX(NIVEL!$B:$B,MATCH(C47,NIVEL!$A:$A,0)),"¡Código no existe!")) -> Rociador Sprinkler ø1/2" K=5,6 estándar QR | E47: =IF(C47="","",IFERROR(INDEX(NIVEL!$C:$C,MATCH(C47,NIVEL!$A:$A,0)),"")) -> Un. | F47: Nivel 2 | G47: =IFERROR(MATCH(F47,LISTAS!$D$2:$D$22,0),99) -> 8 | H47: 24 | I47: IDC_ROCIADORES: ROCIADOR COLGANTE (COB ESTANDAR) | L47: SPK | M47: =IF(C47="","SIN ASIGNAR","ASIGNADO") -> ASIGNADO | N47: Cruce Revit
A48: 43 | B48: Soportes | C48: 7.22 | D48: =IF(C48="","",IFERROR(INDEX(NIVEL!$B:$B,MATCH(C48,NIVEL!$A:$A,0)),"¡Código no existe!")) -> Soporte Antisísmico Longitudinal ø6" | E48: =IF(C48="","",IFERROR(INDEX(NIVEL!$C:$C,MATCH(C48,NIVEL!$A:$A,0)),"")) -> Un. | F48: Nivel Cuarto de Bomba Sub | G48: =IFERROR(MATCH(F48,LISTAS!$D$2:$D$22,0),99) -> 1 | H48: 1 | I48: IDC_SOPORTES ANTISISMICOS: SOPORTE LONGITUDINAL | J48: SOPORTE LONGITUDINAL | K48: 0" | L48: SOPORTE CABEZAL DE PRUEBA | M48: =IF(C48="","SIN ASIGNAR","ASIGNADO") -> ASIGNADO | N48: Revisión 2026-10-08
A49: 44 | B49: Soportes | C49: 7.22 | D49: =IF(C49="","",IFERROR(INDEX(NIVEL!$B:$B,MATCH(C49,NIVEL!$A:$A,0)),"¡Código no existe!")) -> Soporte Antisísmico Longitudinal ø6" | E49: =IF(C49="","",IFERROR(INDEX(NIVEL!$C:$C,MATCH(C49,NIVEL!$A:$A,0)),"")) -> Un. | F49: Nivel Cuarto de Bomba Sub | G49: =IFERROR(MATCH(F49,LISTAS!$D$2:$D$22,0),99) -> 1 | H49: 5 | I49: IDC_SOPORTES ANTISISMICOS: SOPORTE LONGITUDINAL | J49: SOPORTE LONGITUDINAL | K49: 0" | L49: SOPORTE RED DE DISTRIBUCIÓN VERTICAL | M49: =IF(C49="","SIN ASIGNAR","ASIGNADO") -> ASIGNADO | N49: Revisión 2026-10-08
A50: 45 | B50: Soportes | C50: 7.23 | D50: =IF(C50="","",IFERROR(INDEX(NIVEL!$B:$B,MATCH(C50,NIVEL!$A:$A,0)),"¡Código no existe!")) -> Soporte Antisísmico Transversal ø6" | E50: =IF(C50="","",IFERROR(INDEX(NIVEL!$C:$C,MATCH(C50,NIVEL!$A:$A,0)),"")) -> Un. | F50: Nivel Cuarto de Bomba Sub | G50: =IFERROR(MATCH(F50,LISTAS!$D$2:$D$22,0),99) -> 1 | H50: 9 | I50: IDC_SOPORTES ANTISISMICOS: SOPORTE TRANSVERSAL | J50: SOPORTE TRANSVERSAL | K50: 0" | L50: SOPORTE RED DE DISTRIBUCIÓN VERTICAL | M50: =IF(C50="","SIN ASIGNAR","ASIGNADO") -> ASIGNADO | N50: Revisión 2026-10-08
A51: 46 | B51: Soportes | C51: 7.106 | D51: =IF(C51="","",IFERROR(INDEX(NIVEL!$B:$B,MATCH(C51,NIVEL!$A:$A,0)),"¡Código no existe!")) -> Soporte Antisísmico Longitudinal ø3" | E51: =IF(C51="","",IFERROR(INDEX(NIVEL!$C:$C,MATCH(C51,NIVEL!$A:$A,0)),"")) -> Un. | F51: Nivel Sótano 4 | G51: =IFERROR(MATCH(F51,LISTAS!$D$2:$D$22,0),99) -> 2 | H51: 2 | I51: IDC_SOPORTES ANTISISMICOS: SOPORTE LONGITUDINAL | J51: SOPORTE LONGITUDINAL | K51: 3" | M51: =IF(C51="","SIN ASIGNAR","ASIGNADO") -> ASIGNADO | N51: Revisión 2026-10-08
A52: 47 | B52: Soportes | C52: 7.107 | D52: =IF(C52="","",IFERROR(INDEX(NIVEL!$B:$B,MATCH(C52,NIVEL!$A:$A,0)),"¡Código no existe!")) -> Soporte Antisísmico Transversal ø3" | E52: =IF(C52="","",IFERROR(INDEX(NIVEL!$C:$C,MATCH(C52,NIVEL!$A:$A,0)),"")) -> Un. | F52: Nivel Sótano 4 | G52: =IFERROR(MATCH(F52,LISTAS!$D$2:$D$22,0),99) -> 2 | H52: 3 | I52: IDC_SOPORTES ANTISISMICOS: SOPORTE TRANSVERSAL | J52: SOPORTE TRANSVERSAL | K52: 3" | M52: =IF(C52="","SIN ASIGNAR","ASIGNADO") -> ASIGNADO | N52: Revisión 2026-10-08
A53: 48 | B53: Soportes | C53: 7.14 | D53: =IF(C53="","",IFERROR(INDEX(NIVEL!$B:$B,MATCH(C53,NIVEL!$A:$A,0)),"¡Código no existe!")) -> Soporte pera 1-1/2" | E53: =IF(C53="","",IFERROR(INDEX(NIVEL!$C:$C,MATCH(C53,NIVEL!$A:$A,0)),"")) -> Un. | F53: Nivel Sótano 3 | G53: =IFERROR(MATCH(F53,LISTAS!$D$2:$D$22,0),99) -> 3 | H53: 89 | I53: IDC_SOPORTE TUBERIA: SOPORTE TUBERIA | J53: SOPORTE TIPO PERA | K53: 1 1/2" | M53: =IF(C53="","SIN ASIGNAR","ASIGNADO") -> ASIGNADO | N53: Cruce Revit
A54: 49 | B54: Soportes | C54: 7.106 | D54: =IF(C54="","",IFERROR(INDEX(NIVEL!$B:$B,MATCH(C54,NIVEL!$A:$A,0)),"¡Código no existe!")) -> Soporte Antisísmico Longitudinal ø3" | E54: =IF(C54="","",IFERROR(INDEX(NIVEL!$C:$C,MATCH(C54,NIVEL!$A:$A,0)),"")) -> Un. | F54: Nivel Sótano 3 | G54: =IFERROR(MATCH(F54,LISTAS!$D$2:$D$22,0),99) -> 3 | H54: 13 | I54: IDC_SOPORTES ANTISISMICOS: SOPORTE LONGITUDINAL | J54: SOPORTE LONGITUDINAL | K54: 3" | M54: =IF(C54="","SIN ASIGNAR","ASIGNADO") -> ASIGNADO | N54: Revisión 2026-10-08
A55: 50 | B55: Soportes | C55: 7.22 | D55: =IF(C55="","",IFERROR(INDEX(NIVEL!$B:$B,MATCH(C55,NIVEL!$A:$A,0)),"¡Código no existe!")) -> Soporte Antisísmico Longitudinal ø6" | E55: =IF(C55="","",IFERROR(INDEX(NIVEL!$C:$C,MATCH(C55,NIVEL!$A:$A,0)),"")) -> Un. | F55: Nivel Sótano 3 | G55: =IFERROR(MATCH(F55,LISTAS!$D$2:$D$22,0),99) -> 3 | H55: 1 | I55: IDC_SOPORTES ANTISISMICOS: SOPORTE LONGITUDINAL | J55: SOPORTE LONGITUDINAL | K55: 0" | L55: SOPORTE CABEZAL DE PRUEBA | M55: =IF(C55="","SIN ASIGNAR","ASIGNADO") -> ASIGNADO | N55: Revisión 2026-10-08
A56: 51 | B56: Soportes | C56: 7.22 | D56: =IF(C56="","",IFERROR(INDEX(NIVEL!$B:$B,MATCH(C56,NIVEL!$A:$A,0)),"¡Código no existe!")) -> Soporte Antisísmico Longitudinal ø6" | E56: =IF(C56="","",IFERROR(INDEX(NIVEL!$C:$C,MATCH(C56,NIVEL!$A:$A,0)),"")) -> Un. | F56: Nivel Sótano 3 | G56: =IFERROR(MATCH(F56,LISTAS!$D$2:$D$22,0),99) -> 3 | H56: 2 | I56: IDC_SOPORTES ANTISISMICOS: SOPORTE LONGITUDINAL | J56: SOPORTE LONGITUDINAL | K56: 6" | L56: SOPORTE RED DE DISTRIBUCIÓN VERTICAL | M56: =IF(C56="","SIN ASIGNAR","ASIGNADO") -> ASIGNADO | N56: Cruce Revit
A57: 52 | B57: Soportes | C57: 7.107 | D57: =IF(C57="","",IFERROR(INDEX(NIVEL!$B:$B,MATCH(C57,NIVEL!$A:$A,0)),"¡Código no existe!")) -> Soporte Antisísmico Transversal ø3" | E57: =IF(C57="","",IFERROR(INDEX(NIVEL!$C:$C,MATCH(C57,NIVEL!$A:$A,0)),"")) -> Un. | F57: Nivel Sótano 3 | G57: =IFERROR(MATCH(F57,LISTAS!$D$2:$D$22,0),99) -> 3 | H57: 38 | I57: IDC_SOPORTES ANTISISMICOS: SOPORTE TRANSVERSAL | J57: SOPORTE TRANSVERSAL | K57: 3" | M57: =IF(C57="","SIN ASIGNAR","ASIGNADO") -> ASIGNADO | N57: Revisión 2026-10-08
A58: 53 | B58: Soportes | C58: 7.14 | D58: =IF(C58="","",IFERROR(INDEX(NIVEL!$B:$B,MATCH(C58,NIVEL!$A:$A,0)),"¡Código no existe!")) -> Soporte pera 1-1/2" | E58: =IF(C58="","",IFERROR(INDEX(NIVEL!$C:$C,MATCH(C58,NIVEL!$A:$A,0)),"")) -> Un. | F58: Nivel Sótano 2 | G58: =IFERROR(MATCH(F58,LISTAS!$D$2:$D$22,0),99) -> 4 | H58: 127 | I58: IDC_SOPORTE TUBERIA: SOPORTE TUBERIA | J58: SOPORTE TIPO PERA | K58: 1 1/2" | M58: =IF(C58="","SIN ASIGNAR","ASIGNADO") -> ASIGNADO | N58: Cruce Revit
A59: 54 | B59: Soportes | C59: 7.106 | D59: =IF(C59="","",IFERROR(INDEX(NIVEL!$B:$B,MATCH(C59,NIVEL!$A:$A,0)),"¡Código no existe!")) -> Soporte Antisísmico Longitudinal ø3" | E59: =IF(C59="","",IFERROR(INDEX(NIVEL!$C:$C,MATCH(C59,NIVEL!$A:$A,0)),"")) -> Un. | F59: Nivel Sótano 2 | G59: =IFERROR(MATCH(F59,LISTAS!$D$2:$D$22,0),99) -> 4 | H59: 11 | I59: IDC_SOPORTES ANTISISMICOS: SOPORTE LONGITUDINAL | J59: SOPORTE LONGITUDINAL | K59: 3" | M59: =IF(C59="","SIN ASIGNAR","ASIGNADO") -> ASIGNADO | N59: Revisión 2026-10-08
A60: 55 | B60: Soportes | C60: 7.22 | D60: =IF(C60="","",IFERROR(INDEX(NIVEL!$B:$B,MATCH(C60,NIVEL!$A:$A,0)),"¡Código no existe!")) -> Soporte Antisísmico Longitudinal ø6" | E60: =IF(C60="","",IFERROR(INDEX(NIVEL!$C:$C,MATCH(C60,NIVEL!$A:$A,0)),"")) -> Un. | F60: Nivel Sótano 2 | G60: =IFERROR(MATCH(F60,LISTAS!$D$2:$D$22,0),99) -> 4 | H60: 2 | I60: IDC_SOPORTES ANTISISMICOS: SOPORTE LONGITUDINAL | J60: SOPORTE LONGITUDINAL | K60: 0" | L60: SOPORTE RED DE DISTRIBUCIÓN VERTICAL | M60: =IF(C60="","SIN ASIGNAR","ASIGNADO") -> ASIGNADO | N60: Revisión 2026-10-08
A61: 56 | B61: Soportes | C61: 7.107 | D61: =IF(C61="","",IFERROR(INDEX(NIVEL!$B:$B,MATCH(C61,NIVEL!$A:$A,0)),"¡Código no existe!")) -> Soporte Antisísmico Transversal ø3" | E61: =IF(C61="","",IFERROR(INDEX(NIVEL!$C:$C,MATCH(C61,NIVEL!$A:$A,0)),"")) -> Un. | F61: Nivel Sótano 2 | G61: =IFERROR(MATCH(F61,LISTAS!$D$2:$D$22,0),99) -> 4 | H61: 35 | I61: IDC_SOPORTES ANTISISMICOS: SOPORTE TRANSVERSAL | J61: SOPORTE TRANSVERSAL | K61: 3" | M61: =IF(C61="","SIN ASIGNAR","ASIGNADO") -> ASIGNADO | N61: Revisión 2026-10-08
A62: 57 | B62: Soportes | C62: 7.23 | D62: =IF(C62="","",IFERROR(INDEX(NIVEL!$B:$B,MATCH(C62,NIVEL!$A:$A,0)),"¡Código no existe!")) -> Soporte Antisísmico Transversal ø6" | E62: =IF(C62="","",IFERROR(INDEX(NIVEL!$C:$C,MATCH(C62,NIVEL!$A:$A,0)),"")) -> Un. | F62: Nivel Sótano 2 | G62: =IFERROR(MATCH(F62,LISTAS!$D$2:$D$22,0),99) -> 4 | H62: 2 | I62: IDC_SOPORTES ANTISISMICOS: SOPORTE TRANSVERSAL | J62: SOPORTE TRANSVERSAL | K62: 0" | L62: SOPORTE RED DE DISTRIBUCIÓN VERTICAL | M62: =IF(C62="","SIN ASIGNAR","ASIGNADO") -> ASIGNADO | N62: Revisión 2026-10-08
A63: 58 | B63: Soportes | C63: 7.14 | D63: =IF(C63="","",IFERROR(INDEX(NIVEL!$B:$B,MATCH(C63,NIVEL!$A:$A,0)),"¡Código no existe!")) -> Soporte pera 1-1/2" | E63: =IF(C63="","",IFERROR(INDEX(NIVEL!$C:$C,MATCH(C63,NIVEL!$A:$A,0)),"")) -> Un. | F63: Nivel Sótano 1 | G63: =IFERROR(MATCH(F63,LISTAS!$D$2:$D$22,0),99) -> 5 | H63: 120 | I63: IDC_SOPORTE TUBERIA: SOPORTE TUBERIA | J63: SOPORTE TIPO PERA | K63: 1 1/2" | M63: =IF(C63="","SIN ASIGNAR","ASIGNADO") -> ASIGNADO | N63: Cruce Revit
A64: 59 | B64: Soportes | C64: 7.106 | D64: =IF(C64="","",IFERROR(INDEX(NIVEL!$B:$B,MATCH(C64,NIVEL!$A:$A,0)),"¡Código no existe!")) -> Soporte Antisísmico Longitudinal ø3" | E64: =IF(C64="","",IFERROR(INDEX(NIVEL!$C:$C,MATCH(C64,NIVEL!$A:$A,0)),"")) -> Un. | F64: Nivel Sótano 1 | G64: =IFERROR(MATCH(F64,LISTAS!$D$2:$D$22,0),99) -> 5 | H64: 14 | I64: IDC_SOPORTES ANTISISMICOS: SOPORTE LONGITUDINAL | J64: SOPORTE LONGITUDINAL | K64: 3" | M64: =IF(C64="","SIN ASIGNAR","ASIGNADO") -> ASIGNADO | N64: Revisión 2026-10-08
A65: 60 | B65: Soportes | C65: 7.107 | D65: =IF(C65="","",IFERROR(INDEX(NIVEL!$B:$B,MATCH(C65,NIVEL!$A:$A,0)),"¡Código no existe!")) -> Soporte Antisísmico Transversal ø3" | E65: =IF(C65="","",IFERROR(INDEX(NIVEL!$C:$C,MATCH(C65,NIVEL!$A:$A,0)),"")) -> Un. | F65: Nivel Sótano 1 | G65: =IFERROR(MATCH(F65,LISTAS!$D$2:$D$22,0),99) -> 5 | H65: 31 | I65: IDC_SOPORTES ANTISISMICOS: SOPORTE TRANSVERSAL | J65: SOPORTE TRANSVERSAL | K65: 3" | M65: =IF(C65="","SIN ASIGNAR","ASIGNADO") -> ASIGNADO | N65: Revisión 2026-10-08
A66: 61 | B66: Soportes | C66: 7.14 | D66: =IF(C66="","",IFERROR(INDEX(NIVEL!$B:$B,MATCH(C66,NIVEL!$A:$A,0)),"¡Código no existe!")) -> Soporte pera 1-1/2" | E66: =IF(C66="","",IFERROR(INDEX(NIVEL!$C:$C,MATCH(C66,NIVEL!$A:$A,0)),"")) -> Un. | F66: Nivel Semisótano | G66: =IFERROR(MATCH(F66,LISTAS!$D$2:$D$22,0),99) -> 6 | H66: 90 | I66: IDC_SOPORTE TUBERIA: SOPORTE TUBERIA | J66: SOPORTE TIPO PERA | K66: 1 1/2" | M66: =IF(C66="","SIN ASIGNAR","ASIGNADO") -> ASIGNADO | N66: Cruce Revit
A67: 62 | B67: Soportes | C67: 7.106 | D67: =IF(C67="","",IFERROR(INDEX(NIVEL!$B:$B,MATCH(C67,NIVEL!$A:$A,0)),"¡Código no existe!")) -> Soporte Antisísmico Longitudinal ø3" | E67: =IF(C67="","",IFERROR(INDEX(NIVEL!$C:$C,MATCH(C67,NIVEL!$A:$A,0)),"")) -> Un. | F67: Nivel Semisótano | G67: =IFERROR(MATCH(F67,LISTAS!$D$2:$D$22,0),99) -> 6 | H67: 15 | I67: IDC_SOPORTES ANTISISMICOS: SOPORTE LONGITUDINAL | J67: SOPORTE LONGITUDINAL | K67: 3" | M67: =IF(C67="","SIN ASIGNAR","ASIGNADO") -> ASIGNADO | N67: Revisión 2026-10-08
A68: 63 | B68: Soportes | C68: 7.22 | D68: =IF(C68="","",IFERROR(INDEX(NIVEL!$B:$B,MATCH(C68,NIVEL!$A:$A,0)),"¡Código no existe!")) -> Soporte Antisísmico Longitudinal ø6" | E68: =IF(C68="","",IFERROR(INDEX(NIVEL!$C:$C,MATCH(C68,NIVEL!$A:$A,0)),"")) -> Un. | F68: Nivel Semisótano | G68: =IFERROR(MATCH(F68,LISTAS!$D$2:$D$22,0),99) -> 6 | H68: 1 | I68: IDC_SOPORTES ANTISISMICOS: SOPORTE LONGITUDINAL | J68: SOPORTE LONGITUDINAL | K68: 6" | L68: SOPORTE CABEZAL DE PRUEBA | M68: =IF(C68="","SIN ASIGNAR","ASIGNADO") -> ASIGNADO | N68: Cruce Revit
A69: 64 | B69: Soportes | C69: 7.107 | D69: =IF(C69="","",IFERROR(INDEX(NIVEL!$B:$B,MATCH(C69,NIVEL!$A:$A,0)),"¡Código no existe!")) -> Soporte Antisísmico Transversal ø3" | E69: =IF(C69="","",IFERROR(INDEX(NIVEL!$C:$C,MATCH(C69,NIVEL!$A:$A,0)),"")) -> Un. | F69: Nivel Semisótano | G69: =IFERROR(MATCH(F69,LISTAS!$D$2:$D$22,0),99) -> 6 | H69: 38 | I69: IDC_SOPORTES ANTISISMICOS: SOPORTE TRANSVERSAL | J69: SOPORTE TRANSVERSAL | K69: 3" | M69: =IF(C69="","SIN ASIGNAR","ASIGNADO") -> ASIGNADO | N69: Revisión 2026-10-08
A70: 65 | B70: Soportes | C70: 7.23 | D70: =IF(C70="","",IFERROR(INDEX(NIVEL!$B:$B,MATCH(C70,NIVEL!$A:$A,0)),"¡Código no existe!")) -> Soporte Antisísmico Transversal ø6" | E70: =IF(C70="","",IFERROR(INDEX(NIVEL!$C:$C,MATCH(C70,NIVEL!$A:$A,0)),"")) -> Un. | F70: Nivel Semisótano | G70: =IFERROR(MATCH(F70,LISTAS!$D$2:$D$22,0),99) -> 6 | H70: 2 | I70: IDC_SOPORTES ANTISISMICOS: SOPORTE TRANSVERSAL | J70: SOPORTE TRANSVERSAL | K70: 6" | L70: SOPORTE CABEZAL DE PRUEBA | M70: =IF(C70="","SIN ASIGNAR","ASIGNADO") -> ASIGNADO | N70: Cruce Revit
A71: 66 | B71: Soportes | C71: 7.105 | D71: =IF(C71="","",IFERROR(INDEX(NIVEL!$B:$B,MATCH(C71,NIVEL!$A:$A,0)),"¡Código no existe!")) -> Soporte pera 2" | E71: =IF(C71="","",IFERROR(INDEX(NIVEL!$C:$C,MATCH(C71,NIVEL!$A:$A,0)),"")) -> Un. | F71: Nivel 1 | G71: =IFERROR(MATCH(F71,LISTAS!$D$2:$D$22,0),99) -> 7 | H71: 52 | I71: IDC_SOPORTE TUBERIA: SOPORTE TUBERIA | J71: SOPORTE TIPO PERA | K71: 2" | M71: =IF(C71="","SIN ASIGNAR","ASIGNADO") -> ASIGNADO | N71: Revisión 2026-10-08
A72: 67 | B72: Soportes | C72: 7.15 | D72: =IF(C72="","",IFERROR(INDEX(NIVEL!$B:$B,MATCH(C72,NIVEL!$A:$A,0)),"¡Código no existe!")) -> Soporte pera 2-1/2" | E72: =IF(C72="","",IFERROR(INDEX(NIVEL!$C:$C,MATCH(C72,NIVEL!$A:$A,0)),"")) -> Un. | F72: Nivel 1 | G72: =IFERROR(MATCH(F72,LISTAS!$D$2:$D$22,0),99) -> 7 | H72: 2 | I72: IDC_SOPORTE TUBERIA: SOPORTE TUBERIA | J72: SOPORTE TIPO PERA | K72: 2 1/2" | M72: =IF(C72="","SIN ASIGNAR","ASIGNADO") -> ASIGNADO | N72: Cruce Revit
A73: 68 | B73: Soportes | C73: 7.105 | D73: =IF(C73="","",IFERROR(INDEX(NIVEL!$B:$B,MATCH(C73,NIVEL!$A:$A,0)),"¡Código no existe!")) -> Soporte pera 2" | E73: =IF(C73="","",IFERROR(INDEX(NIVEL!$C:$C,MATCH(C73,NIVEL!$A:$A,0)),"")) -> Un. | F73: Nivel 1 | G73: =IFERROR(MATCH(F73,LISTAS!$D$2:$D$22,0),99) -> 7 | H73: 1 | I73: IDC_SOPORTE TUBERIA: SOPORTE TUBERIA | J73: SOPORTE TIPO PERA | K73: 2" | M73: =IF(C73="","SIN ASIGNAR","ASIGNADO") -> ASIGNADO | N73: Revisión 2026-10-08
A74: 69 | B74: Soportes | C74: 7.106 | D74: =IF(C74="","",IFERROR(INDEX(NIVEL!$B:$B,MATCH(C74,NIVEL!$A:$A,0)),"¡Código no existe!")) -> Soporte Antisísmico Longitudinal ø3" | E74: =IF(C74="","",IFERROR(INDEX(NIVEL!$C:$C,MATCH(C74,NIVEL!$A:$A,0)),"")) -> Un. | F74: Nivel 1 | G74: =IFERROR(MATCH(F74,LISTAS!$D$2:$D$22,0),99) -> 7 | H74: 3 | I74: IDC_SOPORTES ANTISISMICOS: SOPORTE LONGITUDINAL | J74: SOPORTE LONGITUDINAL | K74: 3" | M74: =IF(C74="","SIN ASIGNAR","ASIGNADO") -> ASIGNADO | N74: Revisión 2026-10-08
A75: 70 | B75: Soportes | C75: 7.108 | D75: =IF(C75="","",IFERROR(INDEX(NIVEL!$B:$B,MATCH(C75,NIVEL!$A:$A,0)),"¡Código no existe!")) -> Soporte Antisísmico Longitudinal ø4" | E75: =IF(C75="","",IFERROR(INDEX(NIVEL!$C:$C,MATCH(C75,NIVEL!$A:$A,0)),"")) -> Un. | F75: Nivel 1 | G75: =IFERROR(MATCH(F75,LISTAS!$D$2:$D$22,0),99) -> 7 | H75: 1 | I75: IDC_SOPORTES ANTISISMICOS: SOPORTE LONGITUDINAL | J75: SOPORTE LONGITUDINAL | K75: 4" | M75: =IF(C75="","SIN ASIGNAR","ASIGNADO") -> ASIGNADO | N75: Revisión 2026-10-08
A76: 71 | B76: Soportes | C76: 7.107 | D76: =IF(C76="","",IFERROR(INDEX(NIVEL!$B:$B,MATCH(C76,NIVEL!$A:$A,0)),"¡Código no existe!")) -> Soporte Antisísmico Transversal ø3" | E76: =IF(C76="","",IFERROR(INDEX(NIVEL!$C:$C,MATCH(C76,NIVEL!$A:$A,0)),"")) -> Un. | F76: Nivel 1 | G76: =IFERROR(MATCH(F76,LISTAS!$D$2:$D$22,0),99) -> 7 | H76: 16 | I76: IDC_SOPORTES ANTISISMICOS: SOPORTE TRANSVERSAL | J76: SOPORTE TRANSVERSAL | K76: 3" | M76: =IF(C76="","SIN ASIGNAR","ASIGNADO") -> ASIGNADO | N76: Revisión 2026-10-08
A77: 72 | B77: Soportes | C77: 7.109 | D77: =IF(C77="","",IFERROR(INDEX(NIVEL!$B:$B,MATCH(C77,NIVEL!$A:$A,0)),"¡Código no existe!")) -> Soporte Antisísmico Transversal ø4" | E77: =IF(C77="","",IFERROR(INDEX(NIVEL!$C:$C,MATCH(C77,NIVEL!$A:$A,0)),"")) -> Un. | F77: Nivel 1 | G77: =IFERROR(MATCH(F77,LISTAS!$D$2:$D$22,0),99) -> 7 | H77: 3 | I77: IDC_SOPORTES ANTISISMICOS: SOPORTE TRANSVERSAL | J77: SOPORTE TRANSVERSAL | K77: 4" | M77: =IF(C77="","SIN ASIGNAR","ASIGNADO") -> ASIGNADO | N77: Revisión 2026-10-08
A78: 73 | B78: Soportes | C78: 7.23 | D78: =IF(C78="","",IFERROR(INDEX(NIVEL!$B:$B,MATCH(C78,NIVEL!$A:$A,0)),"¡Código no existe!")) -> Soporte Antisísmico Transversal ø6" | E78: =IF(C78="","",IFERROR(INDEX(NIVEL!$C:$C,MATCH(C78,NIVEL!$A:$A,0)),"")) -> Un. | F78: Nivel 1 | G78: =IFERROR(MATCH(F78,LISTAS!$D$2:$D$22,0),99) -> 7 | H78: 2 | I78: IDC_SOPORTES ANTISISMICOS: SOPORTE TRANSVERSAL | J78: SOPORTE TRANSVERSAL | K78: 0" | L78: SOPORTE RED DE DISTRIBUCIÓN VERTICAL | M78: =IF(C78="","SIN ASIGNAR","ASIGNADO") -> ASIGNADO | N78: Revisión 2026-10-08
A79: 74 | B79: Soportes | C79: 7.14 | D79: =IF(C79="","",IFERROR(INDEX(NIVEL!$B:$B,MATCH(C79,NIVEL!$A:$A,0)),"¡Código no existe!")) -> Soporte pera 1-1/2" | E79: =IF(C79="","",IFERROR(INDEX(NIVEL!$C:$C,MATCH(C79,NIVEL!$A:$A,0)),"")) -> Un. | F79: Nivel 2 | G79: =IFERROR(MATCH(F79,LISTAS!$D$2:$D$22,0),99) -> 8 | H79: 6 | I79: IDC_SOPORTE TUBERIA: SOPORTE TUBERIA | J79: SOPORTE TIPO PERA | K79: 1 1/2" | M79: =IF(C79="","SIN ASIGNAR","ASIGNADO") -> ASIGNADO | N79: Cruce Revit
A80: 75 | B80: Soportes | C80: 7.105 | D80: =IF(C80="","",IFERROR(INDEX(NIVEL!$B:$B,MATCH(C80,NIVEL!$A:$A,0)),"¡Código no existe!")) -> Soporte pera 2" | E80: =IF(C80="","",IFERROR(INDEX(NIVEL!$C:$C,MATCH(C80,NIVEL!$A:$A,0)),"")) -> Un. | F80: Nivel 2 | G80: =IFERROR(MATCH(F80,LISTAS!$D$2:$D$22,0),99) -> 8 | H80: 27 | I80: IDC_SOPORTE TUBERIA: SOPORTE TUBERIA | J80: SOPORTE TIPO PERA | K80: 2" | M80: =IF(C80="","SIN ASIGNAR","ASIGNADO") -> ASIGNADO | N80: Revisión 2026-10-08
A81: 76 | B81: Soportes | C81: 7.106 | D81: =IF(C81="","",IFERROR(INDEX(NIVEL!$B:$B,MATCH(C81,NIVEL!$A:$A,0)),"¡Código no existe!")) -> Soporte Antisísmico Longitudinal ø3" | E81: =IF(C81="","",IFERROR(INDEX(NIVEL!$C:$C,MATCH(C81,NIVEL!$A:$A,0)),"")) -> Un. | F81: Nivel 2 | G81: =IFERROR(MATCH(F81,LISTAS!$D$2:$D$22,0),99) -> 8 | H81: 2 | I81: IDC_SOPORTES ANTISISMICOS: SOPORTE LONGITUDINAL | J81: SOPORTE LONGITUDINAL | K81: 3" | M81: =IF(C81="","SIN ASIGNAR","ASIGNADO") -> ASIGNADO | N81: Revisión 2026-10-08
A82: 77 | B82: Soportes | C82: 7.21 | D82: =IF(C82="","",IFERROR(INDEX(NIVEL!$B:$B,MATCH(C82,NIVEL!$A:$A,0)),"¡Código no existe!")) -> Soporte Antisísmico Transversal ø2-1/2" | E82: =IF(C82="","",IFERROR(INDEX(NIVEL!$C:$C,MATCH(C82,NIVEL!$A:$A,0)),"")) -> Un. | F82: Nivel 2 | G82: =IFERROR(MATCH(F82,LISTAS!$D$2:$D$22,0),99) -> 8 | H82: 2 | I82: IDC_SOPORTES ANTISISMICOS: SOPORTE TRANSVERSAL | J82: SOPORTE TRANSVERSAL | K82: 2 1/2" | M82: =IF(C82="","SIN ASIGNAR","ASIGNADO") -> ASIGNADO | N82: Cruce Revit
A83: 78 | B83: Soportes | C83: 7.107 | D83: =IF(C83="","",IFERROR(INDEX(NIVEL!$B:$B,MATCH(C83,NIVEL!$A:$A,0)),"¡Código no existe!")) -> Soporte Antisísmico Transversal ø3" | E83: =IF(C83="","",IFERROR(INDEX(NIVEL!$C:$C,MATCH(C83,NIVEL!$A:$A,0)),"")) -> Un. | F83: Nivel 2 | G83: =IFERROR(MATCH(F83,LISTAS!$D$2:$D$22,0),99) -> 8 | H83: 6 | I83: IDC_SOPORTES ANTISISMICOS: SOPORTE TRANSVERSAL | J83: SOPORTE TRANSVERSAL | K83: 3" | M83: =IF(C83="","SIN ASIGNAR","ASIGNADO") -> ASIGNADO | N83: Revisión 2026-10-08
A84: 79 | B84: Soportes | C84: 7.14 | D84: =IF(C84="","",IFERROR(INDEX(NIVEL!$B:$B,MATCH(C84,NIVEL!$A:$A,0)),"¡Código no existe!")) -> Soporte pera 1-1/2" | E84: =IF(C84="","",IFERROR(INDEX(NIVEL!$C:$C,MATCH(C84,NIVEL!$A:$A,0)),"")) -> Un. | F84: Nivel 3 | G84: =IFERROR(MATCH(F84,LISTAS!$D$2:$D$22,0),99) -> 9 | H84: 13 | I84: IDC_SOPORTE TUBERIA: SOPORTE TUBERIA | J84: SOPORTE TIPO PERA | K84: 1 1/2" | M84: =IF(C84="","SIN ASIGNAR","ASIGNADO") -> ASIGNADO | N84: Cruce Revit
A85: 80 | B85: Soportes | C85: 7.14 | D85: =IF(C85="","",IFERROR(INDEX(NIVEL!$B:$B,MATCH(C85,NIVEL!$A:$A,0)),"¡Código no existe!")) -> Soporte pera 1-1/2" | E85: =IF(C85="","",IFERROR(INDEX(NIVEL!$C:$C,MATCH(C85,NIVEL!$A:$A,0)),"")) -> Un. | F85: Nivel 4 | G85: =IFERROR(MATCH(F85,LISTAS!$D$2:$D$22,0),99) -> 10 | H85: 13 | I85: IDC_SOPORTE TUBERIA: SOPORTE TUBERIA | J85: SOPORTE TIPO PERA | K85: 1 1/2" | M85: =IF(C85="","SIN ASIGNAR","ASIGNADO") -> ASIGNADO | N85: Cruce Revit
A86: 81 | B86: Soportes | C86: 7.22 | D86: =IF(C86="","",IFERROR(INDEX(NIVEL!$B:$B,MATCH(C86,NIVEL!$A:$A,0)),"¡Código no existe!")) -> Soporte Antisísmico Longitudinal ø6" | E86: =IF(C86="","",IFERROR(INDEX(NIVEL!$C:$C,MATCH(C86,NIVEL!$A:$A,0)),"")) -> Un. | F86: Nivel 4 | G86: =IFERROR(MATCH(F86,LISTAS!$D$2:$D$22,0),99) -> 10 | H86: 2 | I86: IDC_SOPORTES ANTISISMICOS: SOPORTE LONGITUDINAL | J86: SOPORTE LONGITUDINAL | K86: 0" | L86: SOPORTE RED DE DISTRIBUCIÓN VERTICAL | M86: =IF(C86="","SIN ASIGNAR","ASIGNADO") -> ASIGNADO | N86: Revisión 2026-10-08
A87: 82 | B87: Soportes | C87: 7.23 | D87: =IF(C87="","",IFERROR(INDEX(NIVEL!$B:$B,MATCH(C87,NIVEL!$A:$A,0)),"¡Código no existe!")) -> Soporte Antisísmico Transversal ø6" | E87: =IF(C87="","",IFERROR(INDEX(NIVEL!$C:$C,MATCH(C87,NIVEL!$A:$A,0)),"")) -> Un. | F87: Nivel 4 | G87: =IFERROR(MATCH(F87,LISTAS!$D$2:$D$22,0),99) -> 10 | H87: 2 | I87: IDC_SOPORTES ANTISISMICOS: SOPORTE TRANSVERSAL | J87: SOPORTE TRANSVERSAL | K87: 0" | L87: SOPORTE RED DE DISTRIBUCIÓN VERTICAL | M87: =IF(C87="","SIN ASIGNAR","ASIGNADO") -> ASIGNADO | N87: Revisión 2026-10-08
A88: 83 | B88: Soportes | C88: 7.14 | D88: =IF(C88="","",IFERROR(INDEX(NIVEL!$B:$B,MATCH(C88,NIVEL!$A:$A,0)),"¡Código no existe!")) -> Soporte pera 1-1/2" | E88: =IF(C88="","",IFERROR(INDEX(NIVEL!$C:$C,MATCH(C88,NIVEL!$A:$A,0)),"")) -> Un. | F88: Nivel 5 | G88: =IFERROR(MATCH(F88,LISTAS!$D$2:$D$22,0),99) -> 11 | H88: 13 | I88: IDC_SOPORTE TUBERIA: SOPORTE TUBERIA | J88: SOPORTE TIPO PERA | K88: 1 1/2" | M88: =IF(C88="","SIN ASIGNAR","ASIGNADO") -> ASIGNADO | N88: Cruce Revit
A89: 84 | B89: Soportes | C89: 7.14 | D89: =IF(C89="","",IFERROR(INDEX(NIVEL!$B:$B,MATCH(C89,NIVEL!$A:$A,0)),"¡Código no existe!")) -> Soporte pera 1-1/2" | E89: =IF(C89="","",IFERROR(INDEX(NIVEL!$C:$C,MATCH(C89,NIVEL!$A:$A,0)),"")) -> Un. | F89: Nivel 6 | G89: =IFERROR(MATCH(F89,LISTAS!$D$2:$D$22,0),99) -> 12 | H89: 13 | I89: IDC_SOPORTE TUBERIA: SOPORTE TUBERIA | J89: SOPORTE TIPO PERA | K89: 1 1/2" | M89: =IF(C89="","SIN ASIGNAR","ASIGNADO") -> ASIGNADO | N89: Cruce Revit
A90: 85 | B90: Soportes | C90: 7.14 | D90: =IF(C90="","",IFERROR(INDEX(NIVEL!$B:$B,MATCH(C90,NIVEL!$A:$A,0)),"¡Código no existe!")) -> Soporte pera 1-1/2" | E90: =IF(C90="","",IFERROR(INDEX(NIVEL!$C:$C,MATCH(C90,NIVEL!$A:$A,0)),"")) -> Un. | F90: Nivel 7 | G90: =IFERROR(MATCH(F90,LISTAS!$D$2:$D$22,0),99) -> 13 | H90: 13 | I90: IDC_SOPORTE TUBERIA: SOPORTE TUBERIA | J90: SOPORTE TIPO PERA | K90: 1 1/2" | M90: =IF(C90="","SIN ASIGNAR","ASIGNADO") -> ASIGNADO | N90: Cruce Revit
A91: 86 | B91: Soportes | C91: 7.23 | D91: =IF(C91="","",IFERROR(INDEX(NIVEL!$B:$B,MATCH(C91,NIVEL!$A:$A,0)),"¡Código no existe!")) -> Soporte Antisísmico Transversal ø6" | E91: =IF(C91="","",IFERROR(INDEX(NIVEL!$C:$C,MATCH(C91,NIVEL!$A:$A,0)),"")) -> Un. | F91: Nivel 7 | G91: =IFERROR(MATCH(F91,LISTAS!$D$2:$D$22,0),99) -> 13 | H91: 2 | I91: IDC_SOPORTES ANTISISMICOS: SOPORTE TRANSVERSAL | J91: SOPORTE TRANSVERSAL | K91: 0" | L91: SOPORTE RED DE DISTRIBUCIÓN VERTICAL | M91: =IF(C91="","SIN ASIGNAR","ASIGNADO") -> ASIGNADO | N91: Revisión 2026-10-08
A92: 87 | B92: Soportes | C92: 7.14 | D92: =IF(C92="","",IFERROR(INDEX(NIVEL!$B:$B,MATCH(C92,NIVEL!$A:$A,0)),"¡Código no existe!")) -> Soporte pera 1-1/2" | E92: =IF(C92="","",IFERROR(INDEX(NIVEL!$C:$C,MATCH(C92,NIVEL!$A:$A,0)),"")) -> Un. | F92: Nivel 8 | G92: =IFERROR(MATCH(F92,LISTAS!$D$2:$D$22,0),99) -> 14 | H92: 13 | I92: IDC_SOPORTE TUBERIA: SOPORTE TUBERIA | J92: SOPORTE TIPO PERA | K92: 1 1/2" | M92: =IF(C92="","SIN ASIGNAR","ASIGNADO") -> ASIGNADO | N92: Cruce Revit
A93: 88 | B93: Soportes | C93: 7.14 | D93: =IF(C93="","",IFERROR(INDEX(NIVEL!$B:$B,MATCH(C93,NIVEL!$A:$A,0)),"¡Código no existe!")) -> Soporte pera 1-1/2" | E93: =IF(C93="","",IFERROR(INDEX(NIVEL!$C:$C,MATCH(C93,NIVEL!$A:$A,0)),"")) -> Un. | F93: Nivel 9 | G93: =IFERROR(MATCH(F93,LISTAS!$D$2:$D$22,0),99) -> 15 | H93: 13 | I93: IDC_SOPORTE TUBERIA: SOPORTE TUBERIA | J93: SOPORTE TIPO PERA | K93: 1 1/2" | M93: =IF(C93="","SIN ASIGNAR","ASIGNADO") -> ASIGNADO | N93: Cruce Revit
A94: 89 | B94: Soportes | C94: 7.14 | D94: =IF(C94="","",IFERROR(INDEX(NIVEL!$B:$B,MATCH(C94,NIVEL!$A:$A,0)),"¡Código no existe!")) -> Soporte pera 1-1/2" | E94: =IF(C94="","",IFERROR(INDEX(NIVEL!$C:$C,MATCH(C94,NIVEL!$A:$A,0)),"")) -> Un. | F94: Nivel 10 | G94: =IFERROR(MATCH(F94,LISTAS!$D$2:$D$22,0),99) -> 16 | H94: 13 | I94: IDC_SOPORTE TUBERIA: SOPORTE TUBERIA | J94: SOPORTE TIPO PERA | K94: 1 1/2" | M94: =IF(C94="","SIN ASIGNAR","ASIGNADO") -> ASIGNADO | N94: Cruce Revit
A95: 90 | B95: Soportes | C95: 7.23 | D95: =IF(C95="","",IFERROR(INDEX(NIVEL!$B:$B,MATCH(C95,NIVEL!$A:$A,0)),"¡Código no existe!")) -> Soporte Antisísmico Transversal ø6" | E95: =IF(C95="","",IFERROR(INDEX(NIVEL!$C:$C,MATCH(C95,NIVEL!$A:$A,0)),"")) -> Un. | F95: Nivel 10 | G95: =IFERROR(MATCH(F95,LISTAS!$D$2:$D$22,0),99) -> 16 | H95: 2 | I95: IDC_SOPORTES ANTISISMICOS: SOPORTE TRANSVERSAL | J95: SOPORTE TRANSVERSAL | K95: 0" | L95: SOPORTE RED DE DISTRIBUCIÓN VERTICAL | M95: =IF(C95="","SIN ASIGNAR","ASIGNADO") -> ASIGNADO | N95: Revisión 2026-10-08
A96: 91 | B96: Soportes | C96: 7.14 | D96: =IF(C96="","",IFERROR(INDEX(NIVEL!$B:$B,MATCH(C96,NIVEL!$A:$A,0)),"¡Código no existe!")) -> Soporte pera 1-1/2" | E96: =IF(C96="","",IFERROR(INDEX(NIVEL!$C:$C,MATCH(C96,NIVEL!$A:$A,0)),"")) -> Un. | F96: Nivel 11 | G96: =IFERROR(MATCH(F96,LISTAS!$D$2:$D$22,0),99) -> 17 | H96: 13 | I96: IDC_SOPORTE TUBERIA: SOPORTE TUBERIA | J96: SOPORTE TIPO PERA | K96: 1 1/2" | M96: =IF(C96="","SIN ASIGNAR","ASIGNADO") -> ASIGNADO | N96: Cruce Revit
A97: 92 | B97: Soportes | C97: 7.14 | D97: =IF(C97="","",IFERROR(INDEX(NIVEL!$B:$B,MATCH(C97,NIVEL!$A:$A,0)),"¡Código no existe!")) -> Soporte pera 1-1/2" | E97: =IF(C97="","",IFERROR(INDEX(NIVEL!$C:$C,MATCH(C97,NIVEL!$A:$A,0)),"")) -> Un. | F97: Nivel 12 | G97: =IFERROR(MATCH(F97,LISTAS!$D$2:$D$22,0),99) -> 18 | H97: 13 | I97: IDC_SOPORTE TUBERIA: SOPORTE TUBERIA | J97: SOPORTE TIPO PERA | K97: 1 1/2" | M97: =IF(C97="","SIN ASIGNAR","ASIGNADO") -> ASIGNADO | N97: Cruce Revit
A98: 93 | B98: Soportes | C98: 7.14 | D98: =IF(C98="","",IFERROR(INDEX(NIVEL!$B:$B,MATCH(C98,NIVEL!$A:$A,0)),"¡Código no existe!")) -> Soporte pera 1-1/2" | E98: =IF(C98="","",IFERROR(INDEX(NIVEL!$C:$C,MATCH(C98,NIVEL!$A:$A,0)),"")) -> Un. | F98: Nivel 13 | G98: =IFERROR(MATCH(F98,LISTAS!$D$2:$D$22,0),99) -> 19 | H98: 13 | I98: IDC_SOPORTE TUBERIA: SOPORTE TUBERIA | J98: SOPORTE TIPO PERA | K98: 1 1/2" | M98: =IF(C98="","SIN ASIGNAR","ASIGNADO") -> ASIGNADO | N98: Cruce Revit
A99: 94 | B99: Soportes | C99: 7.14 | D99: =IF(C99="","",IFERROR(INDEX(NIVEL!$B:$B,MATCH(C99,NIVEL!$A:$A,0)),"¡Código no existe!")) -> Soporte pera 1-1/2" | E99: =IF(C99="","",IFERROR(INDEX(NIVEL!$C:$C,MATCH(C99,NIVEL!$A:$A,0)),"")) -> Un. | F99: Nivel 14 | G99: =IFERROR(MATCH(F99,LISTAS!$D$2:$D$22,0),99) -> 20 | H99: 13 | I99: IDC_SOPORTE TUBERIA: SOPORTE TUBERIA | J99: SOPORTE TIPO PERA | K99: 1 1/2" | M99: =IF(C99="","SIN ASIGNAR","ASIGNADO") -> ASIGNADO | N99: Cruce Revit
A100: 95 | B100: Soportes | C100: 7.14 | D100: =IF(C100="","",IFERROR(INDEX(NIVEL!$B:$B,MATCH(C100,NIVEL!$A:$A,0)),"¡Código no existe!")) -> Soporte pera 1-1/2" | E100: =IF(C100="","",IFERROR(INDEX(NIVEL!$C:$C,MATCH(C100,NIVEL!$A:$A,0)),"")) -> Un. | F100: Nivel 15 | G100: =IFERROR(MATCH(F100,LISTAS!$D$2:$D$22,0),99) -> 21 | H100: 13 | I100: IDC_SOPORTE TUBERIA: SOPORTE TUBERIA | J100: SOPORTE TIPO PERA | K100: 1 1/2" | M100: =IF(C100="","SIN ASIGNAR","ASIGNADO") -> ASIGNADO | N100: Cruce Revit
A101: 96 | B101: Tuberías | C101: 7.08 | D101: =IF(C101="","",IFERROR(INDEX(NIVEL!$B:$B,MATCH(C101,NIVEL!$A:$A,0)),"¡Código no existe!")) -> Tubería A.C. Sche 10 De ø1 1/2" | E101: =IF(C101="","",IFERROR(INDEX(NIVEL!$C:$C,MATCH(C101,NIVEL!$A:$A,0)),"")) -> Ml. | F101: Nivel Cuarto de Bomba Sub | G101: =IFERROR(MATCH(F101,LISTAS!$D$2:$D$22,0),99) -> 1 | H101: 1.64 | I101: Pipe Types: R.C.I. - ACERO | K101: 1 1/2"ø | M101: =IF(C101="","SIN ASIGNAR","ASIGNADO") -> ASIGNADO | N101: Cruce Revit
A102: 97 | B102: Tuberías | C102: 7.08 | D102: =IF(C102="","",IFERROR(INDEX(NIVEL!$B:$B,MATCH(C102,NIVEL!$A:$A,0)),"¡Código no existe!")) -> Tubería A.C. Sche 10 De ø1 1/2" | E102: =IF(C102="","",IFERROR(INDEX(NIVEL!$C:$C,MATCH(C102,NIVEL!$A:$A,0)),"")) -> Ml. | F102: Nivel Cuarto de Bomba Sub | G102: =IFERROR(MATCH(F102,LISTAS!$D$2:$D$22,0),99) -> 1 | H102: 0.34 | I102: Pipe Types: TUB_TUBASYS_RAL3000 10217-1 | K102: 1 1/2"ø | M102: =IF(C102="","SIN ASIGNAR","ASIGNADO") -> ASIGNADO | N102: Revisión 2026-10-08
A103: 98 | B103: Tuberías | C103: 7.07 | D103: =IF(C103="","",IFERROR(INDEX(NIVEL!$B:$B,MATCH(C103,NIVEL!$A:$A,0)),"¡Código no existe!")) -> Tubería A.C. Sche 10 De ø1" | E103: =IF(C103="","",IFERROR(INDEX(NIVEL!$C:$C,MATCH(C103,NIVEL!$A:$A,0)),"")) -> Ml. | F103: Nivel Cuarto de Bomba Sub | G103: =IFERROR(MATCH(F103,LISTAS!$D$2:$D$22,0),99) -> 1 | H103: 0.25 | I103: Pipe Types: R.C.I. - ACERO | K103: 1"ø | M103: =IF(C103="","SIN ASIGNAR","ASIGNADO") -> ASIGNADO | N103: Cruce Revit
...

Sheet CRUCE RCI
A1: PROYECTO: UNIQUE 76
A2: CRUCE DE CANTIDADES RCI POR NIVEL DE PISO
A3: Suma de BD_REVIT por ítem y nivel. 'Dif.' compara contra la cantidad global de NIVEL (debe ser 0).
D4: Nivel Cuarto de Bomba Sub | E4: Nivel Sótano 4 | F4: Nivel Sótano 3 | G4: Nivel Sótano 2 | H4: Nivel Sótano 1 | I4: Nivel Semisótano | J4: Nivel 1 | K4: Nivel 2 | L4: Nivel 3 | M4: Nivel 4 | N4: Nivel 5 | O4: Nivel 6 | P4: Nivel 7 | Q4: Nivel 8 | R4: Nivel 9 | S4: Nivel 10 | T4: Nivel 11 | U4: Nivel 12 | V4: Nivel 13 | W4: Nivel 14 | X4: Nivel 15 | Y4: =
A5: Código | B5: Descripción | C5: Und. | D5: C. Bomba | E5: Sótano 4 | F5: Sótano 3 | G5: Sótano 2 | H5: Sótano 1 | I5: Semisótano | J5: 1 | K5: 2 | L5: 3 | M5: 4 | N5: 5 | O5: 6 | P5: 7 | Q5: 8 | R5: 9 | S5: 10 | T5: 11 | U5: 12 | V5: 13 | W5: 14 | X5: 15 | Y5: Sin nivel | Z5: TOTAL | AA5: NIVEL | AB5: Dif.
A6: 7.01 | B6: Puntos Conexión Valvula Angular 2-1/2 | C6: Un. | D6: =SUMIFS(BD_REVIT!$H:$H,BD_REVIT!$C:$C,$A6,BD_REVIT!$F:$F,D$4) -> 0 | E6: =SUMIFS(BD_REVIT!$H:$H,BD_REVIT!$C:$C,$A6,BD_REVIT!$F:$F,E$4) -> 0 | F6: =SUMIFS(BD_REVIT!$H:$H,BD_REVIT!$C:$C,$A6,BD_REVIT!$F:$F,F$4) -> 0 | G6: =SUMIFS(BD_REVIT!$H:$H,BD_REVIT!$C:$C,$A6,BD_REVIT!$F:$F,G$4) -> 0 | H6: =SUMIFS(BD_REVIT!$H:$H,BD_REVIT!$C:$C,$A6,BD_REVIT!$F:$F,H$4) -> 0 | I6: =SUMIFS(BD_REVIT!$H:$H,BD_REVIT!$C:$C,$A6,BD_REVIT!$F:$F,I$4) -> 0 | J6: =SUMIFS(BD_REVIT!$H:$H,BD_REVIT!$C:$C,$A6,BD_REVIT!$F:$F,J$4) -> 0 | K6: =SUMIFS(BD_REVIT!$H:$H,BD_REVIT!$C:$C,$A6,BD_REVIT!$F:$F,K$4) -> 0 | ... Y6: =SUMIFS(BD_REVIT!$H:$H,BD_REVIT!$C:$C,$A6,BD_REVIT!$F:$F,Y$4) -> 0 | Z6: =SUM(D6:Y6) -> 0 | AA6: =NIVEL!D387 -> 0 | AB6: =ROUND(Z6-AA6,2) -> 0
A7: 7.02 | B7: Puntos AC 1-1/2" Gabinetes Tipo 2 | C7: Un. | D7: =SUMIFS(BD_REVIT!$H:$H,BD_REVIT!$C:$C,$A7,BD_REVIT!$F:$F,D$4) -> 0 | E7: =SUMIFS(BD_REVIT!$H:$H,BD_REVIT!$C:$C,$A7,BD_REVIT!$F:$F,E$4) -> 0 | F7: =SUMIFS(BD_REVIT!$H:$H,BD_REVIT!$C:$C,$A7,BD_REVIT!$F:$F,F$4) -> 0 | G7: =SUMIFS(BD_REVIT!$H:$H,BD_REVIT!$C:$C,$A7,BD_REVIT!$F:$F,G$4) -> 0 | H7: =SUMIFS(BD_REVIT!$H:$H,BD_REVIT!$C:$C,$A7,BD_REVIT!$F:$F,H$4) -> 0 | I7: =SUMIFS(BD_REVIT!$H:$H,BD_REVIT!$C:$C,$A7,BD_REVIT!$F:$F,I$4) -> 0 | J7: =SUMIFS(BD_REVIT!$H:$H,BD_REVIT!$C:$C,$A7,BD_REVIT!$F:$F,J$4) -> 0 | K7: =SUMIFS(BD_REVIT!$H:$H,BD_REVIT!$C:$C,$A7,BD_REVIT!$F:$F,K$4) -> 0 | ... Y7: =SUMIFS(BD_REVIT!$H:$H,BD_REVIT!$C:$C,$A7,BD_REVIT!$F:$F,Y$4) -> 0 | Z7: =SUM(D7:Y7) -> 0 | AA7: =NIVEL!D388 -> 0 | AB7: =ROUND(Z7-AA7,2) -> 0
A8: 7.03 | B8: Puntos Sprinkler - AC 1" | C8: Un. | D8: =SUMIFS(BD_REVIT!$H:$H,BD_REVIT!$C:$C,$A8,BD_REVIT!$F:$F,D$4) -> 0 | E8: =SUMIFS(BD_REVIT!$H:$H,BD_REVIT!$C:$C,$A8,BD_REVIT!$F:$F,E$4) -> 0 | F8: =SUMIFS(BD_REVIT!$H:$H,BD_REVIT!$C:$C,$A8,BD_REVIT!$F:$F,F$4) -> 0 | G8: =SUMIFS(BD_REVIT!$H:$H,BD_REVIT!$C:$C,$A8,BD_REVIT!$F:$F,G$4) -> 0 | H8: =SUMIFS(BD_REVIT!$H:$H,BD_REVIT!$C:$C,$A8,BD_REVIT!$F:$F,H$4) -> 0 | I8: =SUMIFS(BD_REVIT!$H:$H,BD_REVIT!$C:$C,$A8,BD_REVIT!$F:$F,I$4) -> 0 | J8: =SUMIFS(BD_REVIT!$H:$H,BD_REVIT!$C:$C,$A8,BD_REVIT!$F:$F,J$4) -> 0 | K8: =SUMIFS(BD_REVIT!$H:$H,BD_REVIT!$C:$C,$A8,BD_REVIT!$F:$F,K$4) -> 0 | ... Y8: =SUMIFS(BD_REVIT!$H:$H,BD_REVIT!$C:$C,$A8,BD_REVIT!$F:$F,Y$4) -> 0 | Z8: =SUM(D8:Y8) -> 0 | AA8: =NIVEL!D389 -> 0 | AB8: =ROUND(Z8-AA8,2) -> 0
A9: 7.04 | B9: Suministro y Conexión Gabinete tipo 2 en Lamina Cold Rolled Calibre 20 de 0.77×0.77×0.22, Válvula angular 1½" Regulada, Soporte tipo canasta, Manguera fibra poliester y caucho 1½"×100', Boquilla chorro y niebla 1½"-Hacha pico 4½" lbs, Llave Spaner-Extintor de polvo | C9: Un. | D9: =SUMIFS(BD_REVIT!$H:$H,BD_REVIT!$C:$C,$A9,BD_REVIT!$F:$F,D$4) -> 0 | E9: =SUMIFS(BD_REVIT!$H:$H,BD_REVIT!$C:$C,$A9,BD_REVIT!$F:$F,E$4) -> 0 | F9: =SUMIFS(BD_REVIT!$H:$H,BD_REVIT!$C:$C,$A9,BD_REVIT!$F:$F,F$4) -> 0 | G9: =SUMIFS(BD_REVIT!$H:$H,BD_REVIT!$C:$C,$A9,BD_REVIT!$F:$F,G$4) -> 0 | H9: =SUMIFS(BD_REVIT!$H:$H,BD_REVIT!$C:$C,$A9,BD_REVIT!$F:$F,H$4) -> 0 | I9: =SUMIFS(BD_REVIT!$H:$H,BD_REVIT!$C:$C,$A9,BD_REVIT!$F:$F,I$4) -> 0 | J9: =SUMIFS(BD_REVIT!$H:$H,BD_REVIT!$C:$C,$A9,BD_REVIT!$F:$F,J$4) -> 0 | K9: =SUMIFS(BD_REVIT!$H:$H,BD_REVIT!$C:$C,$A9,BD_REVIT!$F:$F,K$4) -> 0 | ... Y9: =SUMIFS(BD_REVIT!$H:$H,BD_REVIT!$C:$C,$A9,BD_REVIT!$F:$F,Y$4) -> 0 | Z9: =SUM(D9:Y9) -> 0 | AA9: =NIVEL!D391 -> 0 | AB9: =ROUND(Z9-AA9,2) -> 0
A10: 7.05 | B10: Rociador Sprinkler ø1/2" K=5,6 estándar QR | C10: Un. | D10: =SUMIFS(BD_REVIT!$H:$H,BD_REVIT!$C:$C,$A10,BD_REVIT!$F:$F,D$4) -> 0 | E10: =SUMIFS(BD_REVIT!$H:$H,BD_REVIT!$C:$C,$A10,BD_REVIT!$F:$F,E$4) -> 0 | F10: =SUMIFS(BD_REVIT!$H:$H,BD_REVIT!$C:$C,$A10,BD_REVIT!$F:$F,F$4) -> 0 | G10: =SUMIFS(BD_REVIT!$H:$H,BD_REVIT!$C:$C,$A10,BD_REVIT!$F:$F,G$4) -> 0 | H10: =SUMIFS(BD_REVIT!$H:$H,BD_REVIT!$C:$C,$A10,BD_REVIT!$F:$F,H$4) -> 0 | I10: =SUMIFS(BD_REVIT!$H:$H,BD_REVIT!$C:$C,$A10,BD_REVIT!$F:$F,I$4) -> 0 | J10: =SUMIFS(BD_REVIT!$H:$H,BD_REVIT!$C:$C,$A10,BD_REVIT!$F:$F,J$4) -> 94 | K10: =SUMIFS(BD_REVIT!$H:$H,BD_REVIT!$C:$C,$A10,BD_REVIT!$F:$F,K$4) -> 24 | ... Y10: =SUMIFS(BD_REVIT!$H:$H,BD_REVIT!$C:$C,$A10,BD_REVIT!$F:$F,Y$4) -> 0 | Z10: =SUM(D10:Y10) -> 118 | AA10: =NIVEL!D393 -> 118 | AB10: =ROUND(Z10-AA10,2) -> 0
A11: 7.06 | B11: Rociador Sprinkler ø1/2" K=11,2 extendida QR | C11: Un. | D11: =SUMIFS(BD_REVIT!$H:$H,BD_REVIT!$C:$C,$A11,BD_REVIT!$F:$F,D$4) -> 0 | E11: =SUMIFS(BD_REVIT!$H:$H,BD_REVIT!$C:$C,$A11,BD_REVIT!$F:$F,E$4) -> 33 | F11: =SUMIFS(BD_REVIT!$H:$H,BD_REVIT!$C:$C,$A11,BD_REVIT!$F:$F,F$4) -> 0 | G11: =SUMIFS(BD_REVIT!$H:$H,BD_REVIT!$C:$C,$A11,BD_REVIT!$F:$F,G$4) -> 46 | H11: =SUMIFS(BD_REVIT!$H:$H,BD_REVIT!$C:$C,$A11,BD_REVIT!$F:$F,H$4) -> 72 | I11: =SUMIFS(BD_REVIT!$H:$H,BD_REVIT!$C:$C,$A11,BD_REVIT!$F:$F,I$4) -> 73 | J11: =SUMIFS(BD_REVIT!$H:$H,BD_REVIT!$C:$C,$A11,BD_REVIT!$F:$F,J$4) -> 0 | K11: =SUMIFS(BD_REVIT!$H:$H,BD_REVIT!$C:$C,$A11,BD_REVIT!$F:$F,K$4) -> 0 | ... Y11: =SUMIFS(BD_REVIT!$H:$H,BD_REVIT!$C:$C,$A11,BD_REVIT!$F:$F,Y$4) -> 0 | Z11: =SUM(D11:Y11) -> 224 | AA11: =NIVEL!D394 -> 224 | AB11: =ROUND(Z11-AA11,2) -> 0
A12: 7.07 | B12: Tubería A.C. Sche 10 De ø1" | C12: Ml. | D12: =SUMIFS(BD_REVIT!$H:$H,BD_REVIT!$C:$C,$A12,BD_REVIT!$F:$F,D$4) -> 0.25 | E12: =SUMIFS(BD_REVIT!$H:$H,BD_REVIT!$C:$C,$A12,BD_REVIT!$F:$F,E$4) -> 0.94 | F12: =SUMIFS(BD_REVIT!$H:$H,BD_REVIT!$C:$C,$A12,BD_REVIT!$F:$F,F$4) -> 5.07 | G12: =SUMIFS(BD_REVIT!$H:$H,BD_REVIT!$C:$C,$A12,BD_REVIT!$F:$F,G$4) -> 11.49 | H12: =SUMIFS(BD_REVIT!$H:$H,BD_REVIT!$C:$C,$A12,BD_REVIT!$F:$F,H$4) -> 6.64 | I12: =SUMIFS(BD_REVIT!$H:$H,BD_REVIT!$C:$C,$A12,BD_REVIT!$F:$F,I$4) -> 0.41 | J12: =SUMIFS(BD_REVIT!$H:$H,BD_REVIT!$C:$C,$A12,BD_REVIT!$F:$F,J$4) -> 12.34 | K12: =SUMIFS(BD_REVIT!$H:$H,BD_REVIT!$C:$C,$A12,BD_REVIT!$F:$F,K$4) -> 4.55 | ... Y12: =SUMIFS(BD_REVIT!$H:$H,BD_REVIT!$C:$C,$A12,BD_REVIT!$F:$F,Y$4) -> 0 | Z12: =SUM(D12:Y12) -> 53.83 | AA12: =NIVEL!D396 -> 53.83 | AB12: =ROUND(Z12-AA12,2) -> 0
A13: 7.103 | B13: Tubería A.C. Sche 10 De ø1 1/4" | C13: Ml. | D13: =SUMIFS(BD_REVIT!$H:$H,BD_REVIT!$C:$C,$A13,BD_REVIT!$F:$F,D$4) -> 0 | E13: =SUMIFS(BD_REVIT!$H:$H,BD_REVIT!$C:$C,$A13,BD_REVIT!$F:$F,E$4) -> 0 | F13: =SUMIFS(BD_REVIT!$H:$H,BD_REVIT!$C:$C,$A13,BD_REVIT!$F:$F,F$4) -> 0.22 | G13: =SUMIFS(BD_REVIT!$H:$H,BD_REVIT!$C:$C,$A13,BD_REVIT!$F:$F,G$4) -> 0.22 | H13: =SUMIFS(BD_REVIT!$H:$H,BD_REVIT!$C:$C,$A13,BD_REVIT!$F:$F,H$4) -> 0.22 | I13: =SUMIFS(BD_REVIT!$H:$H,BD_REVIT!$C:$C,$A13,BD_REVIT!$F:$F,I$4) -> 0.22 | J13: =SUMIFS(BD_REVIT!$H:$H,BD_REVIT!$C:$C,$A13,BD_REVIT!$F:$F,J$4) -> 0.54 | K13: =SUMIFS(BD_REVIT!$H:$H,BD_REVIT!$C:$C,$A13,BD_REVIT!$F:$F,K$4) -> 0.22 | ... Y13: =SUMIFS(BD_REVIT!$H:$H,BD_REVIT!$C:$C,$A13,BD_REVIT!$F:$F,Y$4) -> 0 | Z13: =SUM(D13:Y13) -> 1.64 | AA13: =NIVEL!D397 -> 1.64 | AB13: =ROUND(Z13-AA13,2) -> 0
A14: 7.08 | B14: Tubería A.C. Sche 10 De ø1 1/2" | C14: Ml. | D14: =SUMIFS(BD_REVIT!$H:$H,BD_REVIT!$C:$C,$A14,BD_REVIT!$F:$F,D$4) -> 1.98 | E14: =SUMIFS(BD_REVIT!$H:$H,BD_REVIT!$C:$C,$A14,BD_REVIT!$F:$F,E$4) -> 31.36 | F14: =SUMIFS(BD_REVIT!$H:$H,BD_REVIT!$C:$C,$A14,BD_REVIT!$F:$F,F$4) -> 161.86 | G14: =SUMIFS(BD_REVIT!$H:$H,BD_REVIT!$C:$C,$A14,BD_REVIT!$F:$F,G$4) -> 193.88 | H14: =SUMIFS(BD_REVIT!$H:$H,BD_REVIT!$C:$C,$A14,BD_REVIT!$F:$F,H$4) -> 160.93 | I14: =SUMIFS(BD_REVIT!$H:$H,BD_REVIT!$C:$C,$A14,BD_REVIT!$F:$F,I$4) -> 59.51 | J14: =SUMIFS(BD_REVIT!$H:$H,BD_REVIT!$C:$C,$A14,BD_REVIT!$F:$F,J$4) -> 74.8 | K14: =SUMIFS(BD_REVIT!$H:$H,BD_REVIT!$C:$C,$A14,BD_REVIT!$F:$F,K$4) -> 17.36 | ... Y14: =SUMIFS(BD_REVIT!$H:$H,BD_REVIT!$C:$C,$A14,BD_REVIT!$F:$F,Y$4) -> 0 | Z14: =SUM(D14:Y14) -> 945.16 | AA14: =NIVEL!D398 -> 945.16 | AB14: =ROUND(Z14-AA14,2) -> 0
A15: 7.104 | B15: Tubería A.C. Sche 10 De ø2" | C15: Ml. | D15: =SUMIFS(BD_REVIT!$H:$H,BD_REVIT!$C:$C,$A15,BD_REVIT!$F:$F,D$4) -> 3.45 | E15: =SUMIFS(BD_REVIT!$H:$H,BD_REVIT!$C:$C,$A15,BD_REVIT!$F:$F,E$4) -> 0 | F15: =SUMIFS(BD_REVIT!$H:$H,BD_REVIT!$C:$C,$A15,BD_REVIT!$F:$F,F$4) -> 0 | G15: =SUMIFS(BD_REVIT!$H:$H,BD_REVIT!$C:$C,$A15,BD_REVIT!$F:$F,G$4) -> 0 | H15: =SUMIFS(BD_REVIT!$H:$H,BD_REVIT!$C:$C,$A15,BD_REVIT!$F:$F,H$4) -> 0 | I15: =SUMIFS(BD_REVIT!$H:$H,BD_REVIT!$C:$C,$A15,BD_REVIT!$F:$F,I$4) -> 0 | J15: =SUMIFS(BD_REVIT!$H:$H,BD_REVIT!$C:$C,$A15,BD_REVIT!$F:$F,J$4) -> 73.55 | K15: =SUMIFS(BD_REVIT!$H:$H,BD_REVIT!$C:$C,$A15,BD_REVIT!$F:$F,K$4) -> 58.67 | ... Y15: =SUMIFS(BD_REVIT!$H:$H,BD_REVIT!$C:$C,$A15,BD_REVIT!$F:$F,Y$4) -> 0 | Z15: =SUM(D15:Y15) -> 136.2 | AA15: =NIVEL!D399 -> 136.2 | AB15: =ROUND(Z15-AA15,2) -> 0
A16: 7.09 | B16: Tubería A.C. Sche 10 De ø2 1/2" | C16: Ml. | D16: =SUMIFS(BD_REVIT!$H:$H,BD_REVIT!$C:$C,$A16,BD_REVIT!$F:$F,D$4) -> 0 | E16: =SUMIFS(BD_REVIT!$H:$H,BD_REVIT!$C:$C,$A16,BD_REVIT!$F:$F,E$4) -> 0 | F16: =SUMIFS(BD_REVIT!$H:$H,BD_REVIT!$C:$C,$A16,BD_REVIT!$F:$F,F$4) -> 3.49 | G16: =SUMIFS(BD_REVIT!$H:$H,BD_REVIT!$C:$C,$A16,BD_REVIT!$F:$F,G$4) -> 3.5 | H16: =SUMIFS(BD_REVIT!$H:$H,BD_REVIT!$C:$C,$A16,BD_REVIT!$F:$F,H$4) -> 3.49 | I16: =SUMIFS(BD_REVIT!$H:$H,BD_REVIT!$C:$C,$A16,BD_REVIT!$F:$F,I$4) -> 3.6 | J16: =SUMIFS(BD_REVIT!$H:$H,BD_REVIT!$C:$C,$A16,BD_REVIT!$F:$F,J$4) -> 9.33 | K16: =SUMIFS(BD_REVIT!$H:$H,BD_REVIT!$C:$C,$A16,BD_REVIT!$F:$F,K$4) -> 7.89 | ... Y16: =SUMIFS(BD_REVIT!$H:$H,BD_REVIT!$C:$C,$A16,BD_REVIT!$F:$F,Y$4) -> 0 | Z16: =SUM(D16:Y16) -> 31.3 | AA16: =NIVEL!D400 -> 31.3 | AB16: =ROUND(Z16-AA16,2) -> 0
A17: 7.10 | B17: Tubería A.C. Sche 10 De ø3" | C17: Ml. | D17: =SUMIFS(BD_REVIT!$H:$H,BD_REVIT!$C:$C,$A17,BD_REVIT!$F:$F,D$4) -> 0 | E17: =SUMIFS(BD_REVIT!$H:$H,BD_REVIT!$C:$C,$A17,BD_REVIT!$F:$F,E$4) -> 75.45 | F17: =SUMIFS(BD_REVIT!$H:$H,BD_REVIT!$C:$C,$A17,BD_REVIT!$F:$F,F$4) -> 168.9 | G17: =SUMIFS(BD_REVIT!$H:$H,BD_REVIT!$C:$C,$A17,BD_REVIT!$F:$F,G$4) -> 136.59 | H17: =SUMIFS(BD_REVIT!$H:$H,BD_REVIT!$C:$C,$A17,BD_REVIT!$F:$F,H$4) -> 100.58 | I17: =SUMIFS(BD_REVIT!$H:$H,BD_REVIT!$C:$C,$A17,BD_REVIT!$F:$F,I$4) -> 85.95 | J17: =SUMIFS(BD_REVIT!$H:$H,BD_REVIT!$C:$C,$A17,BD_REVIT!$F:$F,J$4) -> 189.28 | K17: =SUMIFS(BD_REVIT!$H:$H,BD_REVIT!$C:$C,$A17,BD_REVIT!$F:$F,K$4) -> 23.05 | ... Y17: =SUMIFS(BD_REVIT!$H:$H,BD_REVIT!$C:$C,$A17,BD_REVIT!$F:$F,Y$4) -> 0 | Z17: =SUM(D17:Y17) -> 779.8 | AA17: =NIVEL!D401 -> 779.8 | AB17: =ROUND(Z17-AA17,2) -> 0
A18: 7.11 | B18: Tubería A.C. Sche 10 De ø4" | C18: Ml. | D18: =SUMIFS(BD_REVIT!$H:$H,BD_REVIT!$C:$C,$A18,BD_REVIT!$F:$F,D$4) -> 0.95 | E18: =SUMIFS(BD_REVIT!$H:$H,BD_REVIT!$C:$C,$A18,BD_REVIT!$F:$F,E$4) -> 0 | F18: =SUMIFS(BD_REVIT!$H:$H,BD_REVIT!$C:$C,$A18,BD_REVIT!$F:$F,F$4) -> 0 | G18: =SUMIFS(BD_REVIT!$H:$H,BD_REVIT!$C:$C,$A18,BD_REVIT!$F:$F,G$4) -> 0 | H18: =SUMIFS(BD_REVIT!$H:$H,BD_REVIT!$C:$C,$A18,BD_REVIT!$F:$F,H$4) -> 0 | I18: =SUMIFS(BD_REVIT!$H:$H,BD_REVIT!$C:$C,$A18,BD_REVIT!$F:$F,I$4) -> 0 | J18: =SUMIFS(BD_REVIT!$H:$H,BD_REVIT!$C:$C,$A18,BD_REVIT!$F:$F,J$4) -> 13.75 | K18: =SUMIFS(BD_REVIT!$H:$H,BD_REVIT!$C:$C,$A18,BD_REVIT!$F:$F,K$4) -> 0 | ... Y18: =SUMIFS(BD_REVIT!$H:$H,BD_REVIT!$C:$C,$A18,BD_REVIT!$F:$F,Y$4) -> 0 | Z18: =SUM(D18:Y18) -> 14.7 | AA18: =NIVEL!D402 -> 14.7 | AB18: =ROUND(Z18-AA18,2) -> 0
A19: 7.12 | B19: Tubería A.C. Sche 10 De ø6" | C19: Ml. | D19: =SUMIFS(BD_REVIT!$H:$H,BD_REVIT!$C:$C,$A19,BD_REVIT!$F:$F,D$4) -> 73.21 | E19: =SUMIFS(BD_REVIT!$H:$H,BD_REVIT!$C:$C,$A19,BD_REVIT!$F:$F,E$4) -> 0.43 | F19: =SUMIFS(BD_REVIT!$H:$H,BD_REVIT!$C:$C,$A19,BD_REVIT!$F:$F,F$4) -> 2.63 | G19: =SUMIFS(BD_REVIT!$H:$H,BD_REVIT!$C:$C,$A19,BD_REVIT!$F:$F,G$4) -> 6.07 | H19: =SUMIFS(BD_REVIT!$H:$H,BD_REVIT!$C:$C,$A19,BD_REVIT!$F:$F,H$4) -> 2.9 | I19: =SUMIFS(BD_REVIT!$H:$H,BD_REVIT!$C:$C,$A19,BD_REVIT!$F:$F,I$4) -> 19.65 | J19: =SUMIFS(BD_REVIT!$H:$H,BD_REVIT!$C:$C,$A19,BD_REVIT!$F:$F,J$4) -> 6.17 | K19: =SUMIFS(BD_REVIT!$H:$H,BD_REVIT!$C:$C,$A19,BD_REVIT!$F:$F,K$4) -> 6.4 | ... Y19: =SUMIFS(BD_REVIT!$H:$H,BD_REVIT!$C:$C,$A19,BD_REVIT!$F:$F,Y$4) -> 0 | Z19: =SUM(D19:Y19) -> 199.54 | AA19: =NIVEL!D403 -> 199.54 | AB19: =ROUND(Z19-AA19,2) -> 0
A20: 7.13 | B20: Soporte pera 1" | C20: Un. | D20: =SUMIFS(BD_REVIT!$H:$H,BD_REVIT!$C:$C,$A20,BD_REVIT!$F:$F,D$4) -> 0 | E20: =SUMIFS(BD_REVIT!$H:$H,BD_REVIT!$C:$C,$A20,BD_REVIT!$F:$F,E$4) -> 0 | F20: =SUMIFS(BD_REVIT!$H:$H,BD_REVIT!$C:$C,$A20,BD_REVIT!$F:$F,F$4) -> 0 | G20: =SUMIFS(BD_REVIT!$H:$H,BD_REVIT!$C:$C,$A20,BD_REVIT!$F:$F,G$4) -> 0 | H20: =SUMIFS(BD_REVIT!$H:$H,BD_REVIT!$C:$C,$A20,BD_REVIT!$F:$F,H$4) -> 0 | I20: =SUMIFS(BD_REVIT!$H:$H,BD_REVIT!$C:$C,$A20,BD_REVIT!$F:$F,I$4) -> 0 | J20: =SUMIFS(BD_REVIT!$H:$H,BD_REVIT!$C:$C,$A20,BD_REVIT!$F:$F,J$4) -> 0 | K20: =SUMIFS(BD_REVIT!$H:$H,BD_REVIT!$C:$C,$A20,BD_REVIT!$F:$F,K$4) -> 0 | ... Y20: =SUMIFS(BD_REVIT!$H:$H,BD_REVIT!$C:$C,$A20,BD_REVIT!$F:$F,Y$4) -> 0 | Z20: =SUM(D20:Y20) -> 0 | AA20: =NIVEL!D404 -> 0 | AB20: =ROUND(Z20-AA20,2) -> 0
A21: 7.14 | B21: Soporte pera 1-1/2" | C21: Un. | D21: =SUMIFS(BD_REVIT!$H:$H,BD_REVIT!$C:$C,$A21,BD_REVIT!$F:$F,D$4) -> 0 | E21: =SUMIFS(BD_REVIT!$H:$H,BD_REVIT!$C:$C,$A21,BD_REVIT!$F:$F,E$4) -> 0 | F21: =SUMIFS(BD_REVIT!$H:$H,BD_REVIT!$C:$C,$A21,BD_REVIT!$F:$F,F$4) -> 89 | G21: =SUMIFS(BD_REVIT!$H:$H,BD_REVIT!$C:$C,$A21,BD_REVIT!$F:$F,G$4) -> 127 | H21: =SUMIFS(BD_REVIT!$H:$H,BD_REVIT!$C:$C,$A21,BD_REVIT!$F:$F,H$4) -> 120 | I21: =SUMIFS(BD_REVIT!$H:$H,BD_REVIT!$C:$C,$A21,BD_REVIT!$F:$F,I$4) -> 90 | J21: =SUMIFS(BD_REVIT!$H:$H,BD_REVIT!$C:$C,$A21,BD_REVIT!$F:$F,J$4) -> 0 | K21: =SUMIFS(BD_REVIT!$H:$H,BD_REVIT!$C:$C,$A21,BD_REVIT!$F:$F,K$4) -> 6 | ... Y21: =SUMIFS(BD_REVIT!$H:$H,BD_REVIT!$C:$C,$A21,BD_REVIT!$F:$F,Y$4) -> 0 | Z21: =SUM(D21:Y21) -> 601 | AA21: =NIVEL!D405 -> 601 | AB21: =ROUND(Z21-AA21,2) -> 0
A22: 7.105 | B22: Soporte pera 2" | C22: Un. | D22: =SUMIFS(BD_REVIT!$H:$H,BD_REVIT!$C:$C,$A22,BD_REVIT!$F:$F,D$4) -> 0 | E22: =SUMIFS(BD_REVIT!$H:$H,BD_REVIT!$C:$C,$A22,BD_REVIT!$F:$F,E$4) -> 0 | F22: =SUMIFS(BD_REVIT!$H:$H,BD_REVIT!$C:$C,$A22,BD_REVIT!$F:$F,F$4) -> 0 | G22: =SUMIFS(BD_REVIT!$H:$H,BD_REVIT!$C:$C,$A22,BD_REVIT!$F:$F,G$4) -> 0 | H22: =SUMIFS(BD_REVIT!$H:$H,BD_REVIT!$C:$C,$A22,BD_REVIT!$F:$F,H$4) -> 0 | I22: =SUMIFS(BD_REVIT!$H:$H,BD_REVIT!$C:$C,$A22,BD_REVIT!$F:$F,I$4) -> 0 | J22: =SUMIFS(BD_REVIT!$H:$H,BD_REVIT!$C:$C,$A22,BD_REVIT!$F:$F,J$4) -> 53 | K22: =SUMIFS(BD_REVIT!$H:$H,BD_REVIT!$C:$C,$A22,BD_REVIT!$F:$F,K$4) -> 27 | ... Y22: =SUMIFS(BD_REVIT!$H:$H,BD_REVIT!$C:$C,$A22,BD_REVIT!$F:$F,Y$4) -> 0 | Z22: =SUM(D22:Y22) -> 80 | AA22: =NIVEL!D406 -> 80 | AB22: =ROUND(Z22-AA22,2) -> 0
A23: 7.15 | B23: Soporte pera 2-1/2" | C23: Un. | D23: =SUMIFS(BD_REVIT!$H:$H,BD_REVIT!$C:$C,$A23,BD_REVIT!$F:$F,D$4) -> 0 | E23: =SUMIFS(BD_REVIT!$H:$H,BD_REVIT!$C:$C,$A23,BD_REVIT!$F:$F,E$4) -> 0 | F23: =SUMIFS(BD_REVIT!$H:$H,BD_REVIT!$C:$C,$A23,BD_REVIT!$F:$F,F$4) -> 0 | G23: =SUMIFS(BD_REVIT!$H:$H,BD_REVIT!$C:$C,$A23,BD_REVIT!$F:$F,G$4) -> 0 | H23: =SUMIFS(BD_REVIT!$H:$H,BD_REVIT!$C:$C,$A23,BD_REVIT!$F:$F,H$4) -> 0 | I23: =SUMIFS(BD_REVIT!$H:$H,BD_REVIT!$C:$C,$A23,BD_REVIT!$F:$F,I$4) -> 0 | J23: =SUMIFS(BD_REVIT!$H:$H,BD_REVIT!$C:$C,$A23,BD_REVIT!$F:$F,J$4) -> 2 | K23: =SUMIFS(BD_REVIT!$H:$H,BD_REVIT!$C:$C,$A23,BD_REVIT!$F:$F,K$4) -> 0 | ... Y23: =SUMIFS(BD_REVIT!$H:$H,BD_REVIT!$C:$C,$A23,BD_REVIT!$F:$F,Y$4) -> 0 | Z23: =SUM(D23:Y23) -> 2 | AA23: =NIVEL!D407 -> 2 | AB23: =ROUND(Z23-AA23,2) -> 0
... A27: 7.19 | B27: Pasante en muro contencion 6" | C27: Un. | D27: =SUMIFS(BD_REVIT!$H:$H,BD_REVIT!$C:$C,$A27,BD_REVIT!$F:$F,D$4) -> 2 | E27: =SUMIFS(BD_REVIT!$H:$H,BD_REVIT!$C:$C,$A27,BD_REVIT!$F:$F,E$4) -> 0 | F27: =SUMIFS(BD_REVIT!$H:$H,BD_REVIT!$C:$C,$A27,BD_REVIT!$F:$F,F$4) -> 0 | G27: =SUMIFS(BD_REVIT!$H:$H,BD_REVIT!$C:$C,$A27,BD_REVIT!$F:$F,G$4) -> 0 | H27: =SUMIFS(BD_REVIT!$H:$H,BD_REVIT!$C:$C,$A27,BD_REVIT!$F:$F,H$4) -> 0 | I27: =SUMIFS(BD_REVIT!$H:$H,BD_REVIT!$C:$C,$A27,BD_REVIT!$F:$F,I$4) -> 0 | J27: =SUMIFS(BD_REVIT!$H:$H,BD_REVIT!$C:$C,$A27,BD_REVIT!$F:$F,J$4) -> 0 | K27: =SUMIFS(BD_REVIT!$H:$H,BD_REVIT!$C:$C,$A27,BD_REVIT!$F:$F,K$4) -> 0 | ... Y27: =SUMIFS(BD_REVIT!$H:$H,BD_REVIT!$C:$C,$A27,BD_REVIT!$F:$F,Y$4) -> 0 | Z27: =SUM(D27:Y27) -> 2 | AA27: =NIVEL!D411 -> 2 | AB27: =ROUND(Z27-AA27,2) -> 0
A28: 7.20 | B28: Soporte Antisísmico Longitudinal ø2-1/2" | C28: Un. | D28: =SUMIFS(BD_REVIT!$H:$H,BD_REVIT!$C:$C,$A28,BD_REVIT!$F:$F,D$4) -> 0 | E28: =SUMIFS(BD_REVIT!$H:$H,BD_REVIT!$C:$C,$A28,BD_REVIT!$F:$F,E$4) -> 0 | F28: =SUMIFS(BD_REVIT!$H:$H,BD_REVIT!$C:$C,$A28,BD_REVIT!$F:$F,F$4) -> 0 | G28: =SUMIFS(BD_REVIT!$H:$H,BD_REVIT!$C:$C,$A28,BD_REVIT!$F:$F,G$4) -> 0 | H28: =SUMIFS(BD_REVIT!$H:$H,BD_REVIT!$C:$C,$A28,BD_REVIT!$F:$F,H$4) -> 0 | I28: =SUMIFS(BD_REVIT!$H:$H,BD_REVIT!$C:$C,$A28,BD_REVIT!$F:$F,I$4) -> 0 | J28: =SUMIFS(BD_REVIT!$H:$H,BD_REVIT!$C:$C,$A28,BD_REVIT!$F:$F,J$4) -> 0 | K28: =SUMIFS(BD_REVIT!$H:$H,BD_REVIT!$C:$C,$A28,BD_REVIT!$F:$F,K$4) -> 0 | ... Y28: =SUMIFS(BD_REVIT!$H:$H,BD_REVIT!$C:$C,$A28,BD_REVIT!$F:$F,Y$4) -> 0 | Z28: =SUM(D28:Y28) -> 0 | AA28: =NIVEL!D413 -> 0 | AB28: =ROUND(Z28-AA28,2) -> 0
A29: 7.21 | B29: Soporte Antisísmico Transversal ø2-1/2" | C29: Un. | D29: =SUMIFS(BD_REVIT!$H:$H,BD_REVIT!$C:$C,$A29,BD_REVIT!$F:$F,D$4) -> 0 | E29: =SUMIFS(BD_REVIT!$H:$H,BD_REVIT!$C:$C,$A29,BD_REVIT!$F:$F,E$4) -> 0 | F29: =SUMIFS(BD_REVIT!$H:$H,BD_REVIT!$C:$C,$A29,BD_REVIT!$F:$F,F$4) -> 0 | G29: =SUMIFS(BD_REVIT!$H:$H,BD_REVIT!$C:$C,$A29,BD_REVIT!$F:$F,G$4) -> 0 | H29: =SUMIFS(BD_REVIT!$H:$H,BD_REVIT!$C:$C,$A29,BD_REVIT!$F:$F,H$4) -> 0 | I29: =SUMIFS(BD_REVIT!$H:$H,BD_REVIT!$C:$C,$A29,BD_REVIT!$F:$F,I$4) -> 0 | J29: =SUMIFS(BD_REVIT!$H:$H,BD_REVIT!$C:$C,$A29,BD_REVIT!$F:$F,J$4) -> 0 | K29: =SUMIFS(BD_REVIT!$H:$H,BD_REVIT!$C:$C,$A29,BD_REVIT!$F:$F,K$4) -> 2 | ... Y29: =SUMIFS(BD_REVIT!$H:$H,BD_REVIT!$C:$C,$A29,BD_REVIT!$F:$F,Y$4) -> 0 | Z29: =SUM(D29:Y29) -> 2 | AA29: =NIVEL!D414 -> 2 | AB29: =ROUND(Z29-AA29,2) -> 0
A30: 7.106 | B30: Soporte Antisísmico Longitudinal ø3" | C30: Un. | D30: =SUMIFS(BD_REVIT!$H:$H,BD_REVIT!$C:$C,$A30,BD_REVIT!$F:$F,D$4) -> 0 | E30: =SUMIFS(BD_REVIT!$H:$H,BD_REVIT!$C:$C,$A30,BD_REVIT!$F:$F,E$4) -> 2 | F30: =SUMIFS(BD_REVIT!$H:$H,BD_REVIT!$C:$C,$A30,BD_REVIT!$F:$F,F$4) -> 13 | G30: =SUMIFS(BD_REVIT!$H:$H,BD_REVIT!$C:$C,$A30,BD_REVIT!$F:$F,G$4) -> 11 | H30: =SUMIFS(BD_REVIT!$H:$H,BD_REVIT!$C:$C,$A30,BD_REVIT!$F:$F,H$4) -> 14 | I30: =SUMIFS(BD_REVIT!$H:$H,BD_REVIT!$C:$C,$A30,BD_REVIT!$F:$F,I$4) -> 15 | J30: =SUMIFS(BD_REVIT!$H:$H,BD_REVIT!$C:$C,$A30,BD_REVIT!$F:$F,J$4) -> 3 | K30: =SUMIFS(BD_REVIT!$H:$H,BD_REVIT!$C:$C,$A30,BD_REVIT!$F:$F,K$4) -> 2 | ... Y30: =SUMIFS(BD_REVIT!$H:$H,BD_REVIT!$C:$C,$A30,BD_REVIT!$F:$F,Y$4) -> 0 | Z30: =SUM(D30:Y30) -> 60 | AA30: =NIVEL!D415 -> 60 | AB30: =ROUND(Z30-AA30,2) -> 0
A31: 7.107 | B31: Soporte Antisísmico Transversal ø3" | C31: Un. | D31: =SUMIFS(BD_REVIT!$H:$H,BD_REVIT!$C:$C,$A31,BD_REVIT!$F:$F,D$4) -> 0 | E31: =SUMIFS(BD_REVIT!$H:$H,BD_REVIT!$C:$C,$A31,BD_REVIT!$F:$F,E$4) -> 3 | F31: =SUMIFS(BD_REVIT!$H:$H,BD_REVIT!$C:$C,$A31,BD_REVIT!$F:$F,F$4) -> 38 | G31: =SUMIFS(BD_REVIT!$H:$H,BD_REVIT!$C:$C,$A31,BD_REVIT!$F:$F,G$4) -> 35 | H31: =SUMIFS(BD_REVIT!$H:$H,BD_REVIT!$C:$C,$A31,BD_REVIT!$F:$F,H$4) -> 31 | I31: =SUMIFS(BD_REVIT!$H:$H,BD_REVIT!$C:$C,$A31,BD_REVIT!$F:$F,I$4) -> 38 | J31: =SUMIFS(BD_REVIT!$H:$H,BD_REVIT!$C:$C,$A31,BD_REVIT!$F:$F,J$4) -> 16 | K31: =SUMIFS(BD_REVIT!$H:$H,BD_REVIT!$C:$C,$A31,BD_REVIT!$F:$F,K$4) -> 6 | ... Y31: =SUMIFS(BD_REVIT!$H:$H,BD_REVIT!$C:$C,$A31,BD_REVIT!$F:$F,Y$4) -> 0 | Z31: =SUM(D31:Y31) -> 167 | AA31: =NIVEL!D416 -> 167 | AB31: =ROUND(Z31-AA31,2) -> 0
A32: 7.108 | B32: Soporte Antisísmico Longitudinal ø4" | C32: Un. | D32: =SUMIFS(BD_REVIT!$H:$H,BD_REVIT!$C:$C,$A32,BD_REVIT!$F:$F,D$4) -> 0 | E32: =SUMIFS(BD_REVIT!$H:$H,BD_REVIT!$C:$C,$A32,BD_REVIT!$F:$F,E$4) -> 0 | F32: =SUMIFS(BD_REVIT!$H:$H,BD_REVIT!$C:$C,$A32,BD_REVIT!$F:$F,F$4) -> 0 | G32: =SUMIFS(BD_REVIT!$H:$H,BD_REVIT!$C:$C,$A32,BD_REVIT!$F:$F,G$4) -> 0 | H32: =SUMIFS(BD_REVIT!$H:$H,BD_REVIT!$C:$C,$A32,BD_REVIT!$F:$F,H$4) -> 0 | I32: =SUMIFS(BD_REVIT!$H:$H,BD_REVIT!$C:$C,$A32,BD_REVIT!$F:$F,I$4) -> 0 | J32: =SUMIFS(BD_REVIT!$H:$H,BD_REVIT!$C:$C,$A32,BD_REVIT!$F:$F,J$4) -> 1 | K32: =SUMIFS(BD_REVIT!$H:$H,BD_REVIT!$C:$C,$A32,BD_REVIT!$F:$F,K$4) -> 0 | ... Y32: =SUMIFS(BD_REVIT!$H:$H,BD_REVIT!$C:$C,$A32,BD_REVIT!$F:$F,Y$4) -> 0 | Z32: =SUM(D32:Y32) -> 1 | AA32: =NIVEL!D417 -> 1 | AB32: =ROUND(Z32-AA32,2) -> 0
A33: 7.109 | B33: Soporte Antisísmico Transversal ø4" | C33: Un. | D33: =SUMIFS(BD_REVIT!$H:$H,BD_REVIT!$C:$C,$A33,BD_REVIT!$F:$F,D$4) -> 0 | E33: =SUMIFS(BD_REVIT!$H:$H,BD_REVIT!$C:$C,$A33,BD_REVIT!$F:$F,E$4) -> 0 | F33: =SUMIFS(BD_REVIT!$H:$H,BD_REVIT!$C:$C,$A33,BD_REVIT!$F:$F,F$4) -> 0 | G33: =SUMIFS(BD_REVIT!$H:$H,BD_REVIT!$C:$C,$A33,BD_REVIT!$F:$F,G$4) -> 0 | H33: =SUMIFS(BD_REVIT!$H:$H,BD_REVIT!$C:$C,$A33,BD_REVIT!$F:$F,H$4) -> 0 | I33: =SUMIFS(BD_REVIT!$H:$H,BD_REVIT!$C:$C,$A33,BD_REVIT!$F:$F,I$4) -> 0 | J33: =SUMIFS(BD_REVIT!$H:$H,BD_REVIT!$C:$C,$A33,BD_REVIT!$F:$F,J$4) -> 3 | K33: =SUMIFS(BD_REVIT!$H:$H,BD_REVIT!$C:$C,$A33,BD_REVIT!$F:$F,K$4) -> 0 | ... Y33: =SUMIFS(BD_REVIT!$H:$H,BD_REVIT!$C:$C,$A33,BD_REVIT!$F:$F,Y$4) -> 0 | Z33: =SUM(D33:Y33) -> 3 | AA33: =NIVEL!D418 -> 3 | AB33: =ROUND(Z33-AA33,2) -> 0
A34: 7.22 | B34: Soporte Antisísmico Longitudinal ø6" | C34: Un. | D34: =SUMIFS(BD_REVIT!$H:$H,BD_REVIT!$C:$C,$A34,BD_REVIT!$F:$F,D$4) -> 6 | E34: =SUMIFS(BD_REVIT!$H:$H,BD_REVIT!$C:$C,$A34,BD_REVIT!$F:$F,E$4) -> 0 | F34: =SUMIFS(BD_REVIT!$H:$H,BD_REVIT!$C:$C,$A34,BD_REVIT!$F:$F,F$4) -> 3 | G34: =SUMIFS(BD_REVIT!$H:$H,BD_REVIT!$C:$C,$A34,BD_REVIT!$F:$F,G$4) -> 2 | H34: =SUMIFS(BD_REVIT!$H:$H,BD_REVIT!$C:$C,$A34,BD_REVIT!$F:$F,H$4) -> 0 | I34: =SUMIFS(BD_REVIT!$H:$H,BD_REVIT!$C:$C,$A34,BD_REVIT!$F:$F,I$4) -> 1 | J34: =SUMIFS(BD_REVIT!$H:$H,BD_REVIT!$C:$C,$A34,BD_REVIT!$F:$F,J$4) -> 0 | K34: =SUMIFS(BD_REVIT!$H:$H,BD_REVIT!$C:$C,$A34,BD_REVIT!$F:$F,K$4) -> 0 | ... Y34: =SUMIFS(BD_REVIT!$H:$H,BD_REVIT!$C:$C,$A34,BD_REVIT!$F:$F,Y$4) -> 0 | Z34: =SUM(D34:Y34) -> 14 | AA34: =NIVEL!D419 -> 14 | AB34: =ROUND(Z34-AA34,2) -> 0
A35: 7.23 | B35: Soporte Antisísmico Transversal ø6" | C35: Un. | D35: =SUMIFS(BD_REVIT!$H:$H,BD_REVIT!$C:$C,$A35,BD_REVIT!$F:$F,D$4) -> 9 | E35: =SUMIFS(BD_REVIT!$H:$H,BD_REVIT!$C:$C,$A35,BD_REVIT!$F:$F,E$4) -> 0 | F35: =SUMIFS(BD_REVIT!$H:$H,BD_REVIT!$C:$C,$A35,BD_REVIT!$F:$F,F$4) -> 0 | G35: =SUMIFS(BD_REVIT!$H:$H,BD_REVIT!$C:$C,$A35,BD_REVIT!$F:$F,G$4) -> 2 | H35: =SUMIFS(BD_REVIT!$H:$H,BD_REVIT!$C:$C,$A35,BD_REVIT!$F:$F,H$4) -> 0 | I35: =SUMIFS(BD_REVIT!$H:$H,BD_REVIT!$C:$C,$A35,BD_REVIT!$F:$F,I$4) -> 2 | J35: =SUMIFS(BD_REVIT!$H:$H,BD_REVIT!$C:$C,$A35,BD_REVIT!$F:$F,J$4) -> 2 | K35: =SUMIFS(BD_REVIT!$H:$H,BD_REVIT!$C:$C,$A35,BD_REVIT!$F:$F,K$4) -> 0 | ... Y35: =SUMIFS(BD_REVIT!$H:$H,BD_REVIT!$C:$C,$A35,BD_REVIT!$F:$F,Y$4) -> 0 | Z35: =SUM(D35:Y35) -> 21 | AA35: =NIVEL!D420 -> 21 | AB35: =ROUND(Z35-AA35,2) -> 0
A36: 7.24 | B36: Tubería A.C. Sche 10 De ø6" | C36: Ml. | D36: =SUMIFS(BD_REVIT!$H:$H,BD_REVIT!$C:$C,$A36,BD_REVIT!$F:$F,D$4) -> 0 | E36: =SUMIFS(BD_REVIT!$H:$H,BD_REVIT!$C:$C,$A36,BD_REVIT!$F:$F,E$4) -> 0 | F36: =SUMIFS(BD_REVIT!$H:$H,BD_REVIT!$C:$C,$A36,BD_REVIT!$F:$F,F$4) -> 0 | G36: =SUMIFS(BD_REVIT!$H:$H,BD_REVIT!$C:$C,$A36,BD_REVIT!$F:$F,G$4) -> 0 | H36: =SUMIFS(BD_REVIT!$H:$H,BD_REVIT!$C:$C,$A36,BD_REVIT!$F:$F,H$4) -> 0 | I36: =SUMIFS(BD_REVIT!$H:$H,BD_REVIT!$C:$C,$A36,BD_REVIT!$F:$F,I$4) -> 0 | J36: =SUMIFS(BD_REVIT!$H:$H,BD_REVIT!$C:$C,$A36,BD_REVIT!$F:$F,J$4) -> 0 | K36: =SUMIFS(BD_REVIT!$H:$H,BD_REVIT!$C:$C,$A36,BD_REVIT!$F:$F,K$4) -> 0 | ... Y36: =SUMIFS(BD_REVIT!$H:$H,BD_REVIT!$C:$C,$A36,BD_REVIT!$F:$F,Y$4) -> 0 | Z36: =SUM(D36:Y36) -> 0 | AA36: =NIVEL!D422 -> 0 | AB36: =ROUND(Z36-AA36,2) -> 0
A37: 7.25 | B37: Soporte riel chanel 6" | C37: Un. | D37: =SUMIFS(BD_REVIT!$H:$H,BD_REVIT!$C:$C,$A37,BD_REVIT!$F:$F,D$4) -> 0 | E37: =SUMIFS(BD_REVIT!$H:$H,BD_REVIT!$C:$C,$A37,BD_REVIT!$F:$F,E$4) -> 0 | F37: =SUMIFS(BD_REVIT!$H:$H,BD_REVIT!$C:$C,$A37,BD_REVIT!$F:$F,F$4) -> 0 | G37: =SUMIFS(BD_REVIT!$H:$H,BD_REVIT!$C:$C,$A37,BD_REVIT!$F:$F,G$4) -> 0 | H37: =SUMIFS(BD_REVIT!$H:$H,BD_REVIT!$C:$C,$A37,BD_REVIT!$F:$F,H$4) -> 0 | I37: =SUMIFS(BD_REVIT!$H:$H,BD_REVIT!$C:$C,$A37,BD_REVIT!$F:$F,I$4) -> 0 | J37: =SUMIFS(BD_REVIT!$H:$H,BD_REVIT!$C:$C,$A37,BD_REVIT!$F:$F,J$4) -> 0 | K37: =SUMIFS(BD_REVIT!$H:$H,BD_REVIT!$C:$C,$A37,BD_REVIT!$F:$F,K$4) -> 0 | ... Y37: =SUMIFS(BD_REVIT!$H:$H,BD_REVIT!$C:$C,$A37,BD_REVIT!$F:$F,Y$4) -> 0 | Z37: =SUM(D37:Y37) -> 0 | AA37: =NIVEL!D423 -> 0 | AB37: =ROUND(Z37-AA37,2) -> 0
A38: 7.26 | B38: Pasantes en placa ø6" (sacanucleos) | C38: Un. | D38: =SUMIFS(BD_REVIT!$H:$H,BD_REVIT!$C:$C,$A38,BD_REVIT!$F:$F,D$4) -> 0 | E38: =SUMIFS(BD_REVIT!$H:$H,BD_REVIT!$C:$C,$A38,BD_REVIT!$F:$F,E$4) -> 0 | F38: =SUMIFS(BD_REVIT!$H:$H,BD_REVIT!$C:$C,$A38,BD_REVIT!$F:$F,F$4) -> 0 | G38: =SUMIFS(BD_REVIT!$H:$H,BD_REVIT!$C:$C,$A38,BD_REVIT!$F:$F,G$4) -> 0 | H38: =SUMIFS(BD_REVIT!$H:$H,BD_REVIT!$C:$C,$A38,BD_REVIT!$F:$F,H$4) -> 0 | I38: =SUMIFS(BD_REVIT!$H:$H,BD_REVIT!$C:$C,$A38,BD_REVIT!$F:$F,I$4) -> 0 | J38: =SUMIFS(BD_REVIT!$H:$H,BD_REVIT!$C:$C,$A38,BD_REVIT!$F:$F,J$4) -> 0 | K38: =SUMIFS(BD_REVIT!$H:$H,BD_REVIT!$C:$C,$A38,BD_REVIT!$F:$F,K$4) -> 0 | ... Y38: =SUMIFS(BD_REVIT!$H:$H,BD_REVIT!$C:$C,$A38,BD_REVIT!$F:$F,Y$4) -> 0 | Z38: =SUM(D38:Y38) -> 0 | AA38: =NIVEL!D424 -> 0 | AB38: =ROUND(Z38-AA38,2) -> 0
A39: 7.27 | B39: Sello intumescente 2-1/2 | C39: Un. | D39: =SUMIFS(BD_REVIT!$H:$H,BD_REVIT!$C:$C,$A39,BD_REVIT!$F:$F,D$4) -> 0 | E39: =SUMIFS(BD_REVIT!$H:$H,BD_REVIT!$C:$C,$A39,BD_REVIT!$F:$F,E$4) -> 0 | F39: =SUMIFS(BD_REVIT!$H:$H,BD_REVIT!$C:$C,$A39,BD_REVIT!$F:$F,F$4) -> 0 | G39: =SUMIFS(BD_REVIT!$H:$H,BD_REVIT!$C:$C,$A39,BD_REVIT!$F:$F,G$4) -> 0 | H39: =SUMIFS(BD_REVIT!$H:$H,BD_REVIT!$C:$C,$A39,BD_REVIT!$F:$F,H$4) -> 0 | I39: =SUMIFS(BD_REVIT!$H:$H,BD_REVIT!$C:$C,$A39,BD_REVIT!$F:$F,I$4) -> 0 | J39: =SUMIFS(BD_REVIT!$H:$H,BD_REVIT!$C:$C,$A39,BD_REVIT!$F:$F,J$4) -> 0 | K39: =SUMIFS(BD_REVIT!$H:$H,BD_REVIT!$C:$C,$A39,BD_REVIT!$F:$F,K$4) -> 0 | ... Y39: =SUMIFS(BD_REVIT!$H:$H,BD_REVIT!$C:$C,$A39,BD_REVIT!$F:$F,Y$4) -> 0 | Z39: =SUM(D39:Y39) -> 0 | AA39: =NIVEL!D425 -> 0 | AB39: =ROUND(Z39-AA39,2) -> 0
A40: 7.110 | B40: Sello intumescente 1-1/2" | C40: Un. | D40: =SUMIFS(BD_REVIT!$H:$H,BD_REVIT!$C:$C,$A40,BD_REVIT!$F:$F,D$4) -> 0 | E40: =SUMIFS(BD_REVIT!$H:$H,BD_REVIT!$C:$C,$A40,BD_REVIT!$F:$F,E$4) -> 0 | F40: =SUMIFS(BD_REVIT!$H:$H,BD_REVIT!$C:$C,$A40,BD_REVIT!$F:$F,F$4) -> 0 | G40: =SUMIFS(BD_REVIT!$H:$H,BD_REVIT!$C:$C,$A40,BD_REVIT!$F:$F,G$4) -> 0 | H40: =SUMIFS(BD_REVIT!$H:$H,BD_REVIT!$C:$C,$A40,BD_REVIT!$F:$F,H$4) -> 0 | I40: =SUMIFS(BD_REVIT!$H:$H,BD_REVIT!$C:$C,$A40,BD_REVIT!$F:$F,I$4) -> 0 | J40: =SUMIFS(BD_REVIT!$H:$H,BD_REVIT!$C:$C,$A40,BD_REVIT!$F:$F,J$4) -> 0 | K40: =SUMIFS(BD_REVIT!$H:$H,BD_REVIT!$C:$C,$A40,BD_REVIT!$F:$F,K$4) -> 2 | ... Y40: =SUMIFS(BD_REVIT!$H:$H,BD_REVIT!$C:$C,$A40,BD_REVIT!$F:$F,Y$4) -> 0 | Z40: =SUM(D40:Y40) -> 26 | AA40: =NIVEL!D426 -> 26 | AB40: =ROUND(Z40-AA40,2) -> 0
A41: 7.111 | B41: Sello intumescente 4" | C41: Un. | D41: =SUMIFS(BD_REVIT!$H:$H,BD_REVIT!$C:$C,$A41,BD_REVIT!$F:$F,D$4) -> 0 | E41: =SUMIFS(BD_REVIT!$H:$H,BD_REVIT!$C:$C,$A41,BD_REVIT!$F:$F,E$4) -> 0 | F41: =SUMIFS(BD_REVIT!$H:$H,BD_REVIT!$C:$C,$A41,BD_REVIT!$F:$F,F$4) -> 0 | G41: =SUMIFS(BD_REVIT!$H:$H,BD_REVIT!$C:$C,$A41,BD_REVIT!$F:$F,G$4) -> 0 | H41: =SUMIFS(BD_REVIT!$H:$H,BD_REVIT!$C:$C,$A41,BD_REVIT!$F:$F,H$4) -> 0 | I41: =SUMIFS(BD_REVIT!$H:$H,BD_REVIT!$C:$C,$A41,BD_REVIT!$F:$F,I$4) -> 0 | J41: =SUMIFS(BD_REVIT!$H:$H,BD_REVIT!$C:$C,$A41,BD_REVIT!$F:$F,J$4) -> 1 | K41: =SUMIFS(BD_REVIT!$H:$H,BD_REVIT!$C:$C,$A41,BD_REVIT!$F:$F,K$4) -> 0 | ... Y41: =SUMIFS(BD_REVIT!$H:$H,BD_REVIT!$C:$C,$A41,BD_REVIT!$F:$F,Y$4) -> 0 | Z41: =SUM(D41:Y41) -> 1 | AA41: =NIVEL!D427 -> 1 | AB41: =ROUND(Z41-AA41,2) -> 0
A42: 7.28 | B42: Tubería A.C. Sche 10 De ø6" (Descolgada) | C42: Ml. | D42: =SUMIFS(BD_REVIT!$H:$H,BD_REVIT!$C:$C,$A42,BD_REVIT!$F:$F,D$4) -> 0 | E42: =SUMIFS(BD_REVIT!$H:$H,BD_REVIT!$C:$C,$A42,BD_REVIT!$F:$F,E$4) -> 0 | F42: =SUMIFS(BD_REVIT!$H:$H,BD_REVIT!$C:$C,$A42,BD_REVIT!$F:$F,F$4) -> 0 | G42: =SUMIFS(BD_REVIT!$H:$H,BD_REVIT!$C:$C,$A42,BD_REVIT!$F:$F,G$4) -> 0 | H42: =SUMIFS(BD_REVIT!$H:$H,BD_REVIT!$C:$C,$A42,BD_REVIT!$F:$F,H$4) -> 0 | I42: =SUMIFS(BD_REVIT!$H:$H,BD_REVIT!$C:$C,$A42,BD_REVIT!$F:$F,I$4) -> 0 | J42: =SUMIFS(BD_REVIT!$H:$H,BD_REVIT!$C:$C,$A42,BD_REVIT!$F:$F,J$4) -> 0 | K42: =SUMIFS(BD_REVIT!$H:$H,BD_REVIT!$C:$C,$A42,BD_REVIT!$F:$F,K$4) -> 0 | ... Y42: =SUMIFS(BD_REVIT!$H:$H,BD_REVIT!$C:$C,$A42,BD_REVIT!$F:$F,Y$4) -> 0 | Z42: =SUM(D42:Y42) -> 0 | AA42: =NIVEL!D429 -> 0 | AB42: =ROUND(Z42-AA42,2) -> 0
A43: 7.29 | B43: Soporte Antisísmico Cuatro vías ø6" | C43: Un. | D43: =SUMIFS(BD_REVIT!$H:$H,BD_REVIT!$C:$C,$A43,BD_REVIT!$F:$F,D$4) -> 0 | E43: =SUMIFS(BD_REVIT!$H:$H,BD_REVIT!$C:$C,$A43,BD_REVIT!$F:$F,E$4) -> 0 | F43: =SUMIFS(BD_REVIT!$H:$H,BD_REVIT!$C:$C,$A43,BD_REVIT!$F:$F,F$4) -> 0 | G43: =SUMIFS(BD_REVIT!$H:$H,BD_REVIT!$C:$C,$A43,BD_REVIT!$F:$F,G$4) -> 0 | H43: =SUMIFS(BD_REVIT!$H:$H,BD_REVIT!$C:$C,$A43,BD_REVIT!$F:$F,H$4) -> 0 | I43: =SUMIFS(BD_REVIT!$H:$H,BD_REVIT!$C:$C,$A43,BD_REVIT!$F:$F,I$4) -> 0 | J43: =SUMIFS(BD_REVIT!$H:$H,BD_REVIT!$C:$C,$A43,BD_REVIT!$F:$F,J$4) -> 0 | K43: =SUMIFS(BD_REVIT!$H:$H,BD_REVIT!$C:$C,$A43,BD_REVIT!$F:$F,K$4) -> 0 | ... Y43: =SUMIFS(BD_REVIT!$H:$H,BD_REVIT!$C:$C,$A43,BD_REVIT!$F:$F,Y$4) -> 0 | Z43: =SUM(D43:Y43) -> 0 | AA43: =NIVEL!D431 -> 0 | AB43: =ROUND(Z43-AA43,2) -> 0
A44: 7.30 | B44: Tuberia Presion 1 1/2" | C44: Ml. | D44: =SUMIFS(BD_REVIT!$H:$H,BD_REVIT!$C:$C,$A44,BD_REVIT!$F:$F,D$4) -> 0 | E44: =SUMIFS(BD_REVIT!$H:$H,BD_REVIT!$C:$C,$A44,BD_REVIT!$F:$F,E$4) -> 0 | F44: =SUMIFS(BD_REVIT!$H:$H,BD_REVIT!$C:$C,$A44,BD_REVIT!$F:$F,F$4) -> 0 | G44: =SUMIFS(BD_REVIT!$H:$H,BD_REVIT!$C:$C,$A44,BD_REVIT!$F:$F,G$4) -> 0 | H44: =SUMIFS(BD_REVIT!$H:$H,BD_REVIT!$C:$C,$A44,BD_REVIT!$F:$F,H$4) -> 0 | I44: =SUMIFS(BD_REVIT!$H:$H,BD_REVIT!$C:$C,$A44,BD_REVIT!$F:$F,I$4) -> 0 | J44: =SUMIFS(BD_REVIT!$H:$H,BD_REVIT!$C:$C,$A44,BD_REVIT!$F:$F,J$4) -> 0 | K44: =SUMIFS(BD_REVIT!$H:$H,BD_REVIT!$C:$C,$A44,BD_REVIT!$F:$F,K$4) -> 0 | ... Y44: =SUMIFS(BD_REVIT!$H:$H,BD_REVIT!$C:$C,$A44,BD_REVIT!$F:$F,Y$4) -> 0 | Z44: =SUM(D44:Y44) -> 0 | AA44: =NIVEL!D433 -> 0 | AB44: =ROUND(Z44-AA44,2) -> 0
A45: 7.31 | B45: Tuberia presión 3" | C45: Ml. | D45: =SUMIFS(BD_REVIT!$H:$H,BD_REVIT!$C:$C,$A45,BD_REVIT!$F:$F,D$4) -> 0 | E45: =SUMIFS(BD_REVIT!$H:$H,BD_REVIT!$C:$C,$A45,BD_REVIT!$F:$F,E$4) -> 0 | F45: =SUMIFS(BD_REVIT!$H:$H,BD_REVIT!$C:$C,$A45,BD_REVIT!$F:$F,F$4) -> 0 | G45: =SUMIFS(BD_REVIT!$H:$H,BD_REVIT!$C:$C,$A45,BD_REVIT!$F:$F,G$4) -> 0 | H45: =SUMIFS(BD_REVIT!$H:$H,BD_REVIT!$C:$C,$A45,BD_REVIT!$F:$F,H$4) -> 0 | I45: =SUMIFS(BD_REVIT!$H:$H,BD_REVIT!$C:$C,$A45,BD_REVIT!$F:$F,I$4) -> 0 | J45: =SUMIFS(BD_REVIT!$H:$H,BD_REVIT!$C:$C,$A45,BD_REVIT!$F:$F,J$4) -> 0 | K45: =SUMIFS(BD_REVIT!$H:$H,BD_REVIT!$C:$C,$A45,BD_REVIT!$F:$F,K$4) -> 0 | ... Y45: =SUMIFS(BD_REVIT!$H:$H,BD_REVIT!$C:$C,$A45,BD_REVIT!$F:$F,Y$4) -> 0 | Z45: =SUM(D45:Y45) -> 0 | AA45: =NIVEL!D434 -> 0 | AB45: =ROUND(Z45-AA45,2) -> 0
A46: 7.32 | B46: Soporte riel chanel 1-1/2" | C46: Un. | D46: =SUMIFS(BD_REVIT!$H:$H,BD_REVIT!$C:$C,$A46,BD_REVIT!$F:$F,D$4) -> 0 | E46: =SUMIFS(BD_REVIT!$H:$H,BD_REVIT!$C:$C,$A46,BD_REVIT!$F:$F,E$4) -> 0 | F46: =SUMIFS(BD_REVIT!$H:$H,BD_REVIT!$C:$C,$A46,BD_REVIT!$F:$F,F$4) -> 0 | G46: =SUMIFS(BD_REVIT!$H:$H,BD_REVIT!$C:$C,$A46,BD_REVIT!$F:$F,G$4) -> 0 | H46: =SUMIFS(BD_REVIT!$H:$H,BD_REVIT!$C:$C,$A46,BD_REVIT!$F:$F,H$4) -> 0 | I46: =SUMIFS(BD_REVIT!$H:$H,BD_REVIT!$C:$C,$A46,BD_REVIT!$F:$F,I$4) -> 0 | J46: =SUMIFS(BD_REVIT!$H:$H,BD_REVIT!$C:$C,$A46,BD_REVIT!$F:$F,J$4) -> 0 | K46: =SUMIFS(BD_REVIT!$H:$H,BD_REVIT!$C:$C,$A46,BD_REVIT!$F:$F,K$4) -> 0 | ... Y46: =SUMIFS(BD_REVIT!$H:$H,BD_REVIT!$C:$C,$A46,BD_REVIT!$F:$F,Y$4) -> 0 | Z46: =SUM(D46:Y46) -> 0 | AA46: =NIVEL!D435 -> 0 | AB46: =ROUND(Z46-AA46,2) -> 0
A47: 7.33 | B47: Soporte riel chanel 3" | C47: Un. | D47: =SUMIFS(BD_REVIT!$H:$H,BD_REVIT!$C:$C,$A47,BD_REVIT!$F:$F,D$4) -> 0 | E47: =SUMIFS(BD_REVIT!$H:$H,BD_REVIT!$C:$C,$A47,BD_REVIT!$F:$F,E$4) -> 0 | F47: =SUMIFS(BD_REVIT!$H:$H,BD_REVIT!$C:$C,$A47,BD_REVIT!$F:$F,F$4) -> 0 | G47: =SUMIFS(BD_REVIT!$H:$H,BD_REVIT!$C:$C,$A47,BD_REVIT!$F:$F,G$4) -> 0 | H47: =SUMIFS(BD_REVIT!$H:$H,BD_REVIT!$C:$C,$A47,BD_REVIT!$F:$F,H$4) -> 0 | I47: =SUMIFS(BD_REVIT!$H:$H,BD_REVIT!$C:$C,$A47,BD_REVIT!$F:$F,I$4) -> 0 | J47: =SUMIFS(BD_REVIT!$H:$H,BD_REVIT!$C:$C,$A47,BD_REVIT!$F:$F,J$4) -> 0 | K47: =SUMIFS(BD_REVIT!$H:$H,BD_REVIT!$C:$C,$A47,BD_REVIT!$F:$F,K$4) -> 0 | ... Y47: =SUMIFS(BD_REVIT!$H:$H,BD_REVIT!$C:$C,$A47,BD_REVIT!$F:$F,Y$4) -> 0 | Z47: =SUM(D47:Y47) -> 0 | AA47: =NIVEL!D436 -> 0 | AB47: =ROUND(Z47-AA47,2) -> 0
A48: 7.34 | B48: Excavación en material común | C48: m3 | D48: =SUMIFS(BD_REVIT!$H:$H,BD_REVIT!$C:$C,$A48,BD_REVIT!$F:$F,D$4) -> 0 | E48: =SUMIFS(BD_REVIT!$H:$H,BD_REVIT!$C:$C,$A48,BD_REVIT!$F:$F,E$4) -> 0 | F48: =SUMIFS(BD_REVIT!$H:$H,BD_REVIT!$C:$C,$A48,BD_REVIT!$F:$F,F$4) -> 0 | G48: =SUMIFS(BD_REVIT!$H:$H,BD_REVIT!$C:$C,$A48,BD_REVIT!$F:$F,G$4) -> 0 | H48: =SUMIFS(BD_REVIT!$H:$H,BD_REVIT!$C:$C,$A48,BD_REVIT!$F:$F,H$4) -> 0 | I48: =SUMIFS(BD_REVIT!$H:$H,BD_REVIT!$C:$C,$A48,BD_REVIT!$F:$F,I$4) -> 0 | J48: =SUMIFS(BD_REVIT!$H:$H,BD_REVIT!$C:$C,$A48,BD_REVIT!$F:$F,J$4) -> 0 | K48: =SUMIFS(BD_REVIT!$H:$H,BD_REVIT!$C:$C,$A48,BD_REVIT!$F:$F,K$4) -> 0 | ... Y48: =SUMIFS(BD_REVIT!$H:$H,BD_REVIT!$C:$C,$A48,BD_REVIT!$F:$F,Y$4) -> 0 | Z48: =SUM(D48:Y48) -> 0 | AA48: =NIVEL!D437 -> 0 | AB48: =ROUND(Z48-AA48,2) -> 0
A49: 7.35 | B49: Relleno Material Sitio | C49: m3 | D49: =SUMIFS(BD_REVIT!$H:$H,BD_REVIT!$C:$C,$A49,BD_REVIT!$F:$F,D$4) -> 0 | E49: =SUMIFS(BD_REVIT!$H:$H,BD_REVIT!$C:$C,$A49,BD_REVIT!$F:$F,E$4) -> 0 | F49: =SUMIFS(BD_REVIT!$H:$H,BD_REVIT!$C:$C,$A49,BD_REVIT!$F:$F,F$4) -> 0 | G49: =SUMIFS(BD_REVIT!$H:$H,BD_REVIT!$C:$C,$A49,BD_REVIT!$F:$F,G$4) -> 0 | H49: =SUMIFS(BD_REVIT!$H:$H,BD_REVIT!$C:$C,$A49,BD_REVIT!$F:$F,H$4) -> 0 | I49: =SUMIFS(BD_REVIT!$H:$H,BD_REVIT!$C:$C,$A49,BD_REVIT!$F:$F,I$4) -> 0 | J49: =SUMIFS(BD_REVIT!$H:$H,BD_REVIT!$C:$C,$A49,BD_REVIT!$F:$F,J$4) -> 0 | K49: =SUMIFS(BD_REVIT!$H:$H,BD_REVIT!$C:$C,$A49,BD_REVIT!$F:$F,K$4) -> 0 | ... Y49: =SUMIFS(BD_REVIT!$H:$H,BD_REVIT!$C:$C,$A49,BD_REVIT!$F:$F,Y$4) -> 0 | Z49: =SUM(D49:Y49) -> 0 | AA49: =NIVEL!D438 -> 0 | AB49: =ROUND(Z49-AA49,2) -> 0
A50: 7.36 | B50: Suministro y Conexión válvula sensora de flujo y válvula de control abierto-cerrado ø2-1/2" | C50: Un. | D50: =SUMIFS(BD_REVIT!$H:$H,BD_REVIT!$C:$C,$A50,BD_REVIT!$F:$F,D$4) -> 0 | E50: =SUMIFS(BD_REVIT!$H:$H,BD_REVIT!$C:$C,$A50,BD_REVIT!$F:$F,E$4) -> 0 | F50: =SUMIFS(BD_REVIT!$H:$H,BD_REVIT!$C:$C,$A50,BD_REVIT!$F:$F,F$4) -> 1 | G50: =SUMIFS(BD_REVIT!$H:$H,BD_REVIT!$C:$C,$A50,BD_REVIT!$F:$F,G$4) -> 1 | H50: =SUMIFS(BD_REVIT!$H:$H,BD_REVIT!$C:$C,$A50,BD_REVIT!$F:$F,H$4) -> 1 | I50: =SUMIFS(BD_REVIT!$H:$H,BD_REVIT!$C:$C,$A50,BD_REVIT!$F:$F,I$4) -> 1 | J50: =SUMIFS(BD_REVIT!$H:$H,BD_REVIT!$C:$C,$A50,BD_REVIT!$F:$F,J$4) -> 2 | K50: =SUMIFS(BD_REVIT!$H:$H,BD_REVIT!$C:$C,$A50,BD_REVIT!$F:$F,K$4) -> 1 | ... Y50: =SUMIFS(BD_REVIT!$H:$H,BD_REVIT!$C:$C,$A50,BD_REVIT!$F:$F,Y$4) -> 0 | Z50: =SUM(D50:Y50) -> 7 | AA50: =NIVEL!D440 -> 7 | AB50: =ROUND(Z50-AA50,2) -> 0
A51: 7.37 | B51: Acople ranurado D=1-1/4" | C51: Un. | D51: =SUMIFS(BD_REVIT!$H:$H,BD_REVIT!$C:$C,$A51,BD_REVIT!$F:$F,D$4) -> 0 | E51: =SUMIFS(BD_REVIT!$H:$H,BD_REVIT!$C:$C,$A51,BD_REVIT!$F:$F,E$4) -> 0 | F51: =SUMIFS(BD_REVIT!$H:$H,BD_REVIT!$C:$C,$A51,BD_REVIT!$F:$F,F$4) -> 2 | G51: =SUMIFS(BD_REVIT!$H:$H,BD_REVIT!$C:$C,$A51,BD_REVIT!$F:$F,G$4) -> 2 | H51: =SUMIFS(BD_REVIT!$H:$H,BD_REVIT!$C:$C,$A51,BD_REVIT!$F:$F,H$4) -> 2 | I51: =SUMIFS(BD_REVIT!$H:$H,BD_REVIT!$C:$C,$A51,BD_REVIT!$F:$F,I$4) -> 2 | J51: =SUMIFS(BD_REVIT!$H:$H,BD_REVIT!$C:$C,$A51,BD_REVIT!$F:$F,J$4) -> 4 | K51: =SUMIFS(BD_REVIT!$H:$H,BD_REVIT!$C:$C,$A51,BD_REVIT!$F:$F,K$4) -> 2 | ... Y51: =SUMIFS(BD_REVIT!$H:$H,BD_REVIT!$C:$C,$A51,BD_REVIT!$F:$F,Y$4) -> 0 | Z51: =SUM(D51:Y51) -> 14 | AA51: =NIVEL!D442 -> 14 | AB51: =ROUND(Z51-AA51,2) -> 0
A52: 7.38 | B52: Acople ranurado D=1-1/2" | C52: Un. | D52: =SUMIFS(BD_REVIT!$H:$H,BD_REVIT!$C:$C,$A52,BD_REVIT!$F:$F,D$4) -> 0 | E52: =SUMIFS(BD_REVIT!$H:$H,BD_REVIT!$C:$C,$A52,BD_REVIT!$F:$F,E$4) -> 0 | F52: =SUMIFS(BD_REVIT!$H:$H,BD_REVIT!$C:$C,$A52,BD_REVIT!$F:$F,F$4) -> 1 | G52: =SUMIFS(BD_REVIT!$H:$H,BD_REVIT!$C:$C,$A52,BD_REVIT!$F:$F,G$4) -> 1 | H52: =SUMIFS(BD_REVIT!$H:$H,BD_REVIT!$C:$C,$A52,BD_REVIT!$F:$F,H$4) -> 2 | I52: =SUMIFS(BD_REVIT!$H:$H,BD_REVIT!$C:$C,$A52,BD_REVIT!$F:$F,I$4) -> 3 | J52: =SUMIFS(BD_REVIT!$H:$H,BD_REVIT!$C:$C,$A52,BD_REVIT!$F:$F,J$4) -> 0 | K52: =SUMIFS(BD_REVIT!$H:$H,BD_REVIT!$C:$C,$A52,BD_REVIT!$F:$F,K$4) -> 7 | ... Y52: =SUMIFS(BD_REVIT!$H:$H,BD_REVIT!$C:$C,$A52,BD_REVIT!$F:$F,Y$4) -> 0 | Z52: =SUM(D52:Y52) -> 14 | AA52: =NIVEL!D443 -> 14 | AB52: =ROUND(Z52-AA52,2) -> 0
A53: 7.39 | B53: Acople ranurado D=2" | C53: Un. | D53: =SUMIFS(BD_REVIT!$H:$H,BD_REVIT!$C:$C,$A53,BD_REVIT!$F:$F,D$4) -> 4 | E53: =SUMIFS(BD_REVIT!$H:$H,BD_REVIT!$C:$C,$A53,BD_REVIT!$F:$F,E$4) -> 0 | F53: =SUMIFS(BD_REVIT!$H:$H,BD_REVIT!$C:$C,$A53,BD_REVIT!$F:$F,F$4) -> 0 | G53: =SUMIFS(BD_REVIT!$H:$H,BD_REVIT!$C:$C,$A53,BD_REVIT!$F:$F,G$4) -> 0 | H53: =SUMIFS(BD_REVIT!$H:$H,BD_REVIT!$C:$C,$A53,BD_REVIT!$F:$F,H$4) -> 0 | I53: =SUMIFS(BD_REVIT!$H:$H,BD_REVIT!$C:$C,$A53,BD_REVIT!$F:$F,I$4) -> 0 | J53: =SUMIFS(BD_REVIT!$H:$H,BD_REVIT!$C:$C,$A53,BD_REVIT!$F:$F,J$4) -> 33 | K53: =SUMIFS(BD_REVIT!$H:$H,BD_REVIT!$C:$C,$A53,BD_REVIT!$F:$F,K$4) -> 48 | ... Y53: =SUMIFS(BD_REVIT!$H:$H,BD_REVIT!$C:$C,$A53,BD_REVIT!$F:$F,Y$4) -> 0 | Z53: =SUM(D53:Y53) -> 87 | AA53: =NIVEL!D444 -> 87 | AB53: =ROUND(Z53-AA53,2) -> 0
A54: 7.40 | B54: Acople ranurado D=2 1/2" | C54: Un. | D54: =SUMIFS(BD_REVIT!$H:$H,BD_REVIT!$C:$C,$A54,BD_REVIT!$F:$F,D$4) -> 0 | E54: =SUMIFS(BD_REVIT!$H:$H,BD_REVIT!$C:$C,$A54,BD_REVIT!$F:$F,E$4) -> 0 | F54: =SUMIFS(BD_REVIT!$H:$H,BD_REVIT!$C:$C,$A54,BD_REVIT!$F:$F,F$4) -> 2 | G54: =SUMIFS(BD_REVIT!$H:$H,BD_REVIT!$C:$C,$A54,BD_REVIT!$F:$F,G$4) -> 7 | H54: =SUMIFS(BD_REVIT!$H:$H,BD_REVIT!$C:$C,$A54,BD_REVIT!$F:$F,H$4) -> 1 | I54: =SUMIFS(BD_REVIT!$H:$H,BD_REVIT!$C:$C,$A54,BD_REVIT!$F:$F,I$4) -> 1 | J54: =SUMIFS(BD_REVIT!$H:$H,BD_REVIT!$C:$C,$A54,BD_REVIT!$F:$F,J$4) -> 10 | K54: =SUMIFS(BD_REVIT!$H:$H,BD_REVIT!$C:$C,$A54,BD_REVIT!$F:$F,K$4) -> 12 | ... Y54: =SUMIFS(BD_REVIT!$H:$H,BD_REVIT!$C:$C,$A54,BD_REVIT!$F:$F,Y$4) -> 0 | Z54: =SUM(D54:Y54) -> 33 | AA54: =NIVEL!D445 -> 33 | AB54: =ROUND(Z54-AA54,2) -> 0
A55: 7.41 | B55: Acople ranurado D=3" | C55: Un. | D55: =SUMIFS(BD_REVIT!$H:$H,BD_REVIT!$C:$C,$A55,BD_REVIT!$F:$F,D$4) -> 0 | E55: =SUMIFS(BD_REVIT!$H:$H,BD_REVIT!$C:$C,$A55,BD_REVIT!$F:$F,E$4) -> 16 | F55: =SUMIFS(BD_REVIT!$H:$H,BD_REVIT!$C:$C,$A55,BD_REVIT!$F:$F,F$4) -> 32 | G55: =SUMIFS(BD_REVIT!$H:$H,BD_REVIT!$C:$C,$A55,BD_REVIT!$F:$F,G$4) -> 39 | H55: =SUMIFS(BD_REVIT!$H:$H,BD_REVIT!$C:$C,$A55,BD_REVIT!$F:$F,H$4) -> 41 | I55: =SUMIFS(BD_REVIT!$H:$H,BD_REVIT!$C:$C,$A55,BD_REVIT!$F:$F,I$4) -> 62 | J55: =SUMIFS(BD_REVIT!$H:$H,BD_REVIT!$C:$C,$A55,BD_REVIT!$F:$F,J$4) -> 45 | K55: =SUMIFS(BD_REVIT!$H:$H,BD_REVIT!$C:$C,$A55,BD_REVIT!$F:$F,K$4) -> 10 | ... Y55: =SUMIFS(BD_REVIT!$H:$H,BD_REVIT!$C:$C,$A55,BD_REVIT!$F:$F,Y$4) -> 0 | Z55: =SUM(D55:Y55) -> 245 | AA55: =NIVEL!D446 -> 245 | AB55: =ROUND(Z55-AA55,2) -> 0
A56: 7.42 | B56: Acople ranurado D=4" | C56: Un. | D56: =SUMIFS(BD_REVIT!$H:$H,BD_REVIT!$C:$C,$A56,BD_REVIT!$F:$F,D$4) -> 6 | E56: =SUMIFS(BD_REVIT!$H:$H,BD_REVIT!$C:$C,$A56,BD_REVIT!$F:$F,E$4) -> 0 | F56: =SUMIFS(BD_REVIT!$H:$H,BD_REVIT!$C:$C,$A56,BD_REVIT!$F:$F,F$4) -> 0 | G56: =SUMIFS(BD_REVIT!$H:$H,BD_REVIT!$C:$C,$A56,BD_REVIT!$F:$F,G$4) -> 0 | H56: =SUMIFS(BD_REVIT!$H:$H,BD_REVIT!$C:$C,$A56,BD_REVIT!$F:$F,H$4) -> 0 | I56: =SUMIFS(BD_REVIT!$H:$H,BD_REVIT!$C:$C,$A56,BD_REVIT!$F:$F,I$4) -> 0 | J56: =SUMIFS(BD_REVIT!$H:$H,BD_REVIT!$C:$C,$A56,BD_REVIT!$F:$F,J$4) -> 9 | K56: =SUMIFS(BD_REVIT!$H:$H,BD_REVIT!$C:$C,$A56,BD_REVIT!$F:$F,K$4) -> 0 | ... Y56: =SUMIFS(BD_REVIT!$H:$H,BD_REVIT!$C:$C,$A56,BD_REVIT!$F:$F,Y$4) -> 0 | Z56: =SUM(D56:Y56) -> 15 | AA56: =NIVEL!D447 -> 15 | AB56: =ROUND(Z56-AA56,2) -> 0
A57: 7.43 | B57: Acople ranurado D=6" | C57: Un. | D57: =SUMIFS(BD_REVIT!$H:$H,BD_REVIT!$C:$C,$A57,BD_REVIT!$F:$F,D$4) -> 77 | E57: =SUMIFS(BD_REVIT!$H:$H,BD_REVIT!$C:$C,$A57,BD_REVIT!$F:$F,E$4) -> 0 | F57: =SUMIFS(BD_REVIT!$H:$H,BD_REVIT!$C:$C,$A57,BD_REVIT!$F:$F,F$4) -> 0 | G57: =SUMIFS(BD_REVIT!$H:$H,BD_REVIT!$C:$C,$A57,BD_REVIT!$F:$F,G$4) -> 0 | H57: =SUMIFS(BD_REVIT!$H:$H,BD_REVIT!$C:$C,$A57,BD_REVIT!$F:$F,H$4) -> 0 | I57: =SUMIFS(BD_REVIT!$H:$H,BD_REVIT!$C:$C,$A57,BD_REVIT!$F:$F,I$4) -> 14 | J57: =SUMIFS(BD_REVIT!$H:$H,BD_REVIT!$C:$C,$A57,BD_REVIT!$F:$F,J$4) -> 4 | K57: =SUMIFS(BD_REVIT!$H:$H,BD_REVIT!$C:$C,$A57,BD_REVIT!$F:$F,K$4) -> 0 | ... Y57: =SUMIFS(BD_REVIT!$H:$H,BD_REVIT!$C:$C,$A57,BD_REVIT!$F:$F,Y$4) -> 0 | Z57: =SUM(D57:Y57) -> 97 | AA57: =NIVEL!D448 -> 97 | AB57: =ROUND(Z57-AA57,2) -> 0
A58: 7.44 | B58: Acople rígido D=1-1/2" | C58: Un. | D58: =SUMIFS(BD_REVIT!$H:$H,BD_REVIT!$C:$C,$A58,BD_REVIT!$F:$F,D$4) -> 4 | E58: =SUMIFS(BD_REVIT!$H:$H,BD_REVIT!$C:$C,$A58,BD_REVIT!$F:$F,E$4) -> 4 | F58: =SUMIFS(BD_REVIT!$H:$H,BD_REVIT!$C:$C,$A58,BD_REVIT!$F:$F,F$4) -> 4 | G58: =SUMIFS(BD_REVIT!$H:$H,BD_REVIT!$C:$C,$A58,BD_REVIT!$F:$F,G$4) -> 4 | H58: =SUMIFS(BD_REVIT!$H:$H,BD_REVIT!$C:$C,$A58,BD_REVIT!$F:$F,H$4) -> 4 | I58: =SUMIFS(BD_REVIT!$H:$H,BD_REVIT!$C:$C,$A58,BD_REVIT!$F:$F,I$4) -> 8 | J58: =SUMIFS(BD_REVIT!$H:$H,BD_REVIT!$C:$C,$A58,BD_REVIT!$F:$F,J$4) -> 8 | K58: =SUMIFS(BD_REVIT!$H:$H,BD_REVIT!$C:$C,$A58,BD_REVIT!$F:$F,K$4) -> 8 | ... Y58: =SUMIFS(BD_REVIT!$H:$H,BD_REVIT!$C:$C,$A58,BD_REVIT!$F:$F,Y$4) -> 0 | Z58: =SUM(D58:Y58) -> 132 | AA58: =NIVEL!D449 -> 132 | AB58: =ROUND(Z58-AA58,2) -> 0
A59: 7.45 | B59: Reductor Copa Ranurada D=2x6" | C59: Un. | D59: =SUMIFS(BD_REVIT!$H:$H,BD_REVIT!$C:$C,$A59,BD_REVIT!$F:$F,D$4) -> 0 | E59: =SUMIFS(BD_REVIT!$H:$H,BD_REVIT!$C:$C,$A59,BD_REVIT!$F:$F,E$4) -> 0 | F59: =SUMIFS(BD_REVIT!$H:$H,BD_REVIT!$C:$C,$A59,BD_REVIT!$F:$F,F$4) -> 0 | G59: =SUMIFS(BD_REVIT!$H:$H,BD_REVIT!$C:$C,$A59,BD_REVIT!$F:$F,G$4) -> 0 | H59: =SUMIFS(BD_REVIT!$H:$H,BD_REVIT!$C:$C,$A59,BD_REVIT!$F:$F,H$4) -> 0 | I59: =SUMIFS(BD_REVIT!$H:$H,BD_REVIT!$C:$C,$A59,BD_REVIT!$F:$F,I$4) -> 0 | J59: =SUMIFS(BD_REVIT!$H:$H,BD_REVIT!$C:$C,$A59,BD_REVIT!$F:$F,J$4) -> 0 | K59: =SUMIFS(BD_REVIT!$H:$H,BD_REVIT!$C:$C,$A59,BD_REVIT!$F:$F,K$4) -> 0 | ... Y59: =SUMIFS(BD_REVIT!$H:$H,BD_REVIT!$C:$C,$A59,BD_REVIT!$F:$F,Y$4) -> 0 | Z59: =SUM(D59:Y59) -> 0 | AA59: =NIVEL!D450 -> 0 | AB59: =ROUND(Z59-AA59,2) -> 0
A60: 7.46 | B60: Salida ranurada Tubasys RAL3000 D=1-1/2" | C60: Un. | D60: =SUMIFS(BD_REVIT!$H:$H,BD_REVIT!$C:$C,$A60,BD_REVIT!$F:$F,D$4) -> 1 | E60: =SUMIFS(BD_REVIT!$H:$H,BD_REVIT!$C:$C,$A60,BD_REVIT!$F:$F,E$4) -> 1 | F60: =SUMIFS(BD_REVIT!$H:$H,BD_REVIT!$C:$C,$A60,BD_REVIT!$F:$F,F$4) -> 1 | G60: =SUMIFS(BD_REVIT!$H:$H,BD_REVIT!$C:$C,$A60,BD_REVIT!$F:$F,G$4) -> 1 | H60: =SUMIFS(BD_REVIT!$H:$H,BD_REVIT!$C:$C,$A60,BD_REVIT!$F:$F,H$4) -> 1 | I60: =SUMIFS(BD_REVIT!$H:$H,BD_REVIT!$C:$C,$A60,BD_REVIT!$F:$F,I$4) -> 2 | J60: =SUMIFS(BD_REVIT!$H:$H,BD_REVIT!$C:$C,$A60,BD_REVIT!$F:$F,J$4) -> 2 | K60: =SUMIFS(BD_REVIT!$H:$H,BD_REVIT!$C:$C,$A60,BD_REVIT!$F:$F,K$4) -> 2 | ... Y60: =SUMIFS(BD_REVIT!$H:$H,BD_REVIT!$C:$C,$A60,BD_REVIT!$F:$F,Y$4) -> 0 | Z60: =SUM(D60:Y60) -> 33 | AA60: =NIVEL!D451 -> 33 | AB60: =ROUND(Z60-AA60,2) -> 0
A61: 7.47 | B61: Codo ranurado Tubasys RAL3000 D=1-1/2" | C61: Un. | D61: =SUMIFS(BD_REVIT!$H:$H,BD_REVIT!$C:$C,$A61,BD_REVIT!$F:$F,D$4) -> 1 | E61: =SUMIFS(BD_REVIT!$H:$H,BD_REVIT!$C:$C,$A61,BD_REVIT!$F:$F,E$4) -> 1 | F61: =SUMIFS(BD_REVIT!$H:$H,BD_REVIT!$C:$C,$A61,BD_REVIT!$F:$F,F$4) -> 1 | G61: =SUMIFS(BD_REVIT!$H:$H,BD_REVIT!$C:$C,$A61,BD_REVIT!$F:$F,G$4) -> 1 | H61: =SUMIFS(BD_REVIT!$H:$H,BD_REVIT!$C:$C,$A61,BD_REVIT!$F:$F,H$4) -> 1 | I61: =SUMIFS(BD_REVIT!$H:$H,BD_REVIT!$C:$C,$A61,BD_REVIT!$F:$F,I$4) -> 2 | J61: =SUMIFS(BD_REVIT!$H:$H,BD_REVIT!$C:$C,$A61,BD_REVIT!$F:$F,J$4) -> 2 | K61: =SUMIFS(BD_REVIT!$H:$H,BD_REVIT!$C:$C,$A61,BD_REVIT!$F:$F,K$4) -> 2 | ... Y61: =SUMIFS(BD_REVIT!$H:$H,BD_REVIT!$C:$C,$A61,BD_REVIT!$F:$F,Y$4) -> 0 | Z61: =SUM(D61:Y61) -> 33 | AA61: =NIVEL!D452 -> 33 | AB61: =ROUND(Z61-AA61,2) -> 0
A62: 7.48 | B62: Tee mecánica SCH-40 D=1 1/2" | C62: Un. | D62: =SUMIFS(BD_REVIT!$H:$H,BD_REVIT!$C:$C,$A62,BD_REVIT!$F:$F,D$4) -> 0 | E62: =SUMIFS(BD_REVIT!$H:$H,BD_REVIT!$C:$C,$A62,BD_REVIT!$F:$F,E$4) -> 5 | F62: =SUMIFS(BD_REVIT!$H:$H,BD_REVIT!$C:$C,$A62,BD_REVIT!$F:$F,F$4) -> 0 | G62: =SUMIFS(BD_REVIT!$H:$H,BD_REVIT!$C:$C,$A62,BD_REVIT!$F:$F,G$4) -> 37 | H62: =SUMIFS(BD_REVIT!$H:$H,BD_REVIT!$C:$C,$A62,BD_REVIT!$F:$F,H$4) -> 52 | I62: =SUMIFS(BD_REVIT!$H:$H,BD_REVIT!$C:$C,$A62,BD_REVIT!$F:$F,I$4) -> 51 | J62: =SUMIFS(BD_REVIT!$H:$H,BD_REVIT!$C:$C,$A62,BD_REVIT!$F:$F,J$4) -> 42 | K62: =SUMIFS(BD_REVIT!$H:$H,BD_REVIT!$C:$C,$A62,BD_REVIT!$F:$F,K$4) -> 6 | ... Y62: =SUMIFS(BD_REVIT!$H:$H,BD_REVIT!$C:$C,$A62,BD_REVIT!$F:$F,Y$4) -> 0 | Z62: =SUM(D62:Y62) -> 193 | AA62: =NIVEL!D453 -> 193 | AB62: =ROUND(Z62-AA62,2) -> 0
... A85: 7.68 | B85: Unión PVCP SCH-80 – cuarto bomba | C85: Un. | D85: =SUMIFS(BD_REVIT!$H:$H,BD_REVIT!$C:$C,$A85,BD_REVIT!$F:$F,D$4) -> 0 | E85: =SUMIFS(BD_REVIT!$H:$H,BD_REVIT!$C:$C,$A85,BD_REVIT!$F:$F,E$4) -> 0 | F85: =SUMIFS(BD_REVIT!$H:$H,BD_REVIT!$C:$C,$A85,BD_REVIT!$F:$F,F$4) -> 0 | G85: =SUMIFS(BD_REVIT!$H:$H,BD_REVIT!$C:$C,$A85,BD_REVIT!$F:$F,G$4) -> 0 | H85: =SUMIFS(BD_REVIT!$H:$H,BD_REVIT!$C:$C,$A85,BD_REVIT!$F:$F,H$4) -> 0 | I85: =SUMIFS(BD_REVIT!$H:$H,BD_REVIT!$C:$C,$A85,BD_REVIT!$F:$F,I$4) -> 0 | J85: =SUMIFS(BD_REVIT!$H:$H,BD_REVIT!$C:$C,$A85,BD_REVIT!$F:$F,J$4) -> 0 | K85: =SUMIFS(BD_REVIT!$H:$H,BD_REVIT!$C:$C,$A85,BD_REVIT!$F:$F,K$4) -> 0 | ... Y85: =SUMIFS(BD_REVIT!$H:$H,BD_REVIT!$C:$C,$A85,BD_REVIT!$F:$F,Y$4) -> 0 | Z85: =SUM(D85:Y85) -> 0 | AA85: =NIVEL!D476 -> 0 | AB85: =ROUND(Z85-AA85,2) -> 0
A86: 7.69 | B86: Válvulas de Compuerta De ø2" | C86: Un. | D86: =SUMIFS(BD_REVIT!$H:$H,BD_REVIT!$C:$C,$A86,BD_REVIT!$F:$F,D$4) -> 3 | E86: =SUMIFS(BD_REVIT!$H:$H,BD_REVIT!$C:$C,$A86,BD_REVIT!$F:$F,E$4) -> 0 | F86: =SUMIFS(BD_REVIT!$H:$H,BD_REVIT!$C:$C,$A86,BD_REVIT!$F:$F,F$4) -> 0 | G86: =SUMIFS(BD_REVIT!$H:$H,BD_REVIT!$C:$C,$A86,BD_REVIT!$F:$F,G$4) -> 0 | H86: =SUMIFS(BD_REVIT!$H:$H,BD_REVIT!$C:$C,$A86,BD_REVIT!$F:$F,H$4) -> 0 | I86: =SUMIFS(BD_REVIT!$H:$H,BD_REVIT!$C:$C,$A86,BD_REVIT!$F:$F,I$4) -> 0 | J86: =SUMIFS(BD_REVIT!$H:$H,BD_REVIT!$C:$C,$A86,BD_REVIT!$F:$F,J$4) -> 0 | K86: =SUMIFS(BD_REVIT!$H:$H,BD_REVIT!$C:$C,$A86,BD_REVIT!$F:$F,K$4) -> 0 | ... Y86: =SUMIFS(BD_REVIT!$H:$H,BD_REVIT!$C:$C,$A86,BD_REVIT!$F:$F,Y$4) -> 0 | Z86: =SUM(D86:Y86) -> 3 | AA86: =NIVEL!D478 -> 3 | AB86: =ROUND(Z86-AA86,2) -> 0
A87: 7.114 | B87: Válvula de Compuerta De ø1" | C87: Un. | D87: =SUMIFS(BD_REVIT!$H:$H,BD_REVIT!$C:$C,$A87,BD_REVIT!$F:$F,D$4) -> 0 | E87: =SUMIFS(BD_REVIT!$H:$H,BD_REVIT!$C:$C,$A87,BD_REVIT!$F:$F,E$4) -> 0 | F87: =SUMIFS(BD_REVIT!$H:$H,BD_REVIT!$C:$C,$A87,BD_REVIT!$F:$F,F$4) -> 0 | G87: =SUMIFS(BD_REVIT!$H:$H,BD_REVIT!$C:$C,$A87,BD_REVIT!$F:$F,G$4) -> 0 | H87: =SUMIFS(BD_REVIT!$H:$H,BD_REVIT!$C:$C,$A87,BD_REVIT!$F:$F,H$4) -> 0 | I87: =SUMIFS(BD_REVIT!$H:$H,BD_REVIT!$C:$C,$A87,BD_REVIT!$F:$F,I$4) -> 0 | J87: =SUMIFS(BD_REVIT!$H:$H,BD_REVIT!$C:$C,$A87,BD_REVIT!$F:$F,J$4) -> 0 | K87: =SUMIFS(BD_REVIT!$H:$H,BD_REVIT!$C:$C,$A87,BD_REVIT!$F:$F,K$4) -> 0 | ... Y87: =SUMIFS(BD_REVIT!$H:$H,BD_REVIT!$C:$C,$A87,BD_REVIT!$F:$F,Y$4) -> 0 | Z87: =SUM(D87:Y87) -> 6 | AA87: =NIVEL!D479 -> 6 | AB87: =ROUND(Z87-AA87,2) -> 0
A88: 7.70 | B88: Válvulas de Compuerta De ø3" | C88: Un. | D88: =SUMIFS(BD_REVIT!$H:$H,BD_REVIT!$C:$C,$A88,BD_REVIT!$F:$F,D$4) -> 0 | E88: =SUMIFS(BD_REVIT!$H:$H,BD_REVIT!$C:$C,$A88,BD_REVIT!$F:$F,E$4) -> 0 | F88: =SUMIFS(BD_REVIT!$H:$H,BD_REVIT!$C:$C,$A88,BD_REVIT!$F:$F,F$4) -> 0 | G88: =SUMIFS(BD_REVIT!$H:$H,BD_REVIT!$C:$C,$A88,BD_REVIT!$F:$F,G$4) -> 0 | H88: =SUMIFS(BD_REVIT!$H:$H,BD_REVIT!$C:$C,$A88,BD_REVIT!$F:$F,H$4) -> 0 | I88: =SUMIFS(BD_REVIT!$H:$H,BD_REVIT!$C:$C,$A88,BD_REVIT!$F:$F,I$4) -> 0 | J88: =SUMIFS(BD_REVIT!$H:$H,BD_REVIT!$C:$C,$A88,BD_REVIT!$F:$F,J$4) -> 0 | K88: =SUMIFS(BD_REVIT!$H:$H,BD_REVIT!$C:$C,$A88,BD_REVIT!$F:$F,K$4) -> 0 | ... Y88: =SUMIFS(BD_REVIT!$H:$H,BD_REVIT!$C:$C,$A88,BD_REVIT!$F:$F,Y$4) -> 0 | Z88: =SUM(D88:Y88) -> 0 | AA88: =NIVEL!D480 -> 0 | AB88: =ROUND(Z88-AA88,2) -> 0
A89: 7.71 | B89: Valvula de vastago D=6" | C89: Un. | D89: =SUMIFS(BD_REVIT!$H:$H,BD_REVIT!$C:$C,$A89,BD_REVIT!$F:$F,D$4) -> 0 | E89: =SUMIFS(BD_REVIT!$H:$H,BD_REVIT!$C:$C,$A89,BD_REVIT!$F:$F,E$4) -> 0 | F89: =SUMIFS(BD_REVIT!$H:$H,BD_REVIT!$C:$C,$A89,BD_REVIT!$F:$F,F$4) -> 0 | G89: =SUMIFS(BD_REVIT!$H:$H,BD_REVIT!$C:$C,$A89,BD_REVIT!$F:$F,G$4) -> 0 | H89: =SUMIFS(BD_REVIT!$H:$H,BD_REVIT!$C:$C,$A89,BD_REVIT!$F:$F,H$4) -> 0 | I89: =SUMIFS(BD_REVIT!$H:$H,BD_REVIT!$C:$C,$A89,BD_REVIT!$F:$F,I$4) -> 0 | J89: =SUMIFS(BD_REVIT!$H:$H,BD_REVIT!$C:$C,$A89,BD_REVIT!$F:$F,J$4) -> 0 | K89: =SUMIFS(BD_REVIT!$H:$H,BD_REVIT!$C:$C,$A89,BD_REVIT!$F:$F,K$4) -> 0 | ... Y89: =SUMIFS(BD_REVIT!$H:$H,BD_REVIT!$C:$C,$A89,BD_REVIT!$F:$F,Y$4) -> 0 | Z89: =SUM(D89:Y89) -> 0 | AA89: =NIVEL!D481 -> 0 | AB89: =ROUND(Z89-AA89,2) -> 0
A90: 7.72 | B90: Válvula Mariposa con Actuador Eléctrico D=6" | C90: Un. | D90: =SUMIFS(BD_REVIT!$H:$H,BD_REVIT!$C:$C,$A90,BD_REVIT!$F:$F,D$4) -> 0 | E90: =SUMIFS(BD_REVIT!$H:$H,BD_REVIT!$C:$C,$A90,BD_REVIT!$F:$F,E$4) -> 0 | F90: =SUMIFS(BD_REVIT!$H:$H,BD_REVIT!$C:$C,$A90,BD_REVIT!$F:$F,F$4) -> 0 | G90: =SUMIFS(BD_REVIT!$H:$H,BD_REVIT!$C:$C,$A90,BD_REVIT!$F:$F,G$4) -> 0 | H90: =SUMIFS(BD_REVIT!$H:$H,BD_REVIT!$C:$C,$A90,BD_REVIT!$F:$F,H$4) -> 0 | I90: =SUMIFS(BD_REVIT!$H:$H,BD_REVIT!$C:$C,$A90,BD_REVIT!$F:$F,I$4) -> 0 | J90: =SUMIFS(BD_REVIT!$H:$H,BD_REVIT!$C:$C,$A90,BD_REVIT!$F:$F,J$4) -> 0 | K90: =SUMIFS(BD_REVIT!$H:$H,BD_REVIT!$C:$C,$A90,BD_REVIT!$F:$F,K$4) -> 0 | ... Y90: =SUMIFS(BD_REVIT!$H:$H,BD_REVIT!$C:$C,$A90,BD_REVIT!$F:$F,Y$4) -> 0 | Z90: =SUM(D90:Y90) -> 0 | AA90: =NIVEL!D482 -> 0 | AB90: =ROUND(Z90-AA90,2) -> 0
A91: 7.73 | B91: Válvula Mariposa con Actuador Tipo Palanca D=4" | C91: Un. | D91: =SUMIFS(BD_REVIT!$H:$H,BD_REVIT!$C:$C,$A91,BD_REVIT!$F:$F,D$4) -> 0 | E91: =SUMIFS(BD_REVIT!$H:$H,BD_REVIT!$C:$C,$A91,BD_REVIT!$F:$F,E$4) -> 0 | F91: =SUMIFS(BD_REVIT!$H:$H,BD_REVIT!$C:$C,$A91,BD_REVIT!$F:$F,F$4) -> 0 | G91: =SUMIFS(BD_REVIT!$H:$H,BD_REVIT!$C:$C,$A91,BD_REVIT!$F:$F,G$4) -> 0 | H91: =SUMIFS(BD_REVIT!$H:$H,BD_REVIT!$C:$C,$A91,BD_REVIT!$F:$F,H$4) -> 0 | I91: =SUMIFS(BD_REVIT!$H:$H,BD_REVIT!$C:$C,$A91,BD_REVIT!$F:$F,I$4) -> 0 | J91: =SUMIFS(BD_REVIT!$H:$H,BD_REVIT!$C:$C,$A91,BD_REVIT!$F:$F,J$4) -> 0 | K91: =SUMIFS(BD_REVIT!$H:$H,BD_REVIT!$C:$C,$A91,BD_REVIT!$F:$F,K$4) -> 0 | ... Y91: =SUMIFS(BD_REVIT!$H:$H,BD_REVIT!$C:$C,$A91,BD_REVIT!$F:$F,Y$4) -> 0 | Z91: =SUM(D91:Y91) -> 0 | AA91: =NIVEL!D483 -> 0 | AB91: =ROUND(Z91-AA91,2) -> 0
A92: 7.74 | B92: Válvulas de Mariposa Ranurada De ø6" | C92: Un. | D92: =SUMIFS(BD_REVIT!$H:$H,BD_REVIT!$C:$C,$A92,BD_REVIT!$F:$F,D$4) -> 0 | E92: =SUMIFS(BD_REVIT!$H:$H,BD_REVIT!$C:$C,$A92,BD_REVIT!$F:$F,E$4) -> 0 | F92: =SUMIFS(BD_REVIT!$H:$H,BD_REVIT!$C:$C,$A92,BD_REVIT!$F:$F,F$4) -> 0 | G92: =SUMIFS(BD_REVIT!$H:$H,BD_REVIT!$C:$C,$A92,BD_REVIT!$F:$F,G$4) -> 0 | H92: =SUMIFS(BD_REVIT!$H:$H,BD_REVIT!$C:$C,$A92,BD_REVIT!$F:$F,H$4) -> 0 | I92: =SUMIFS(BD_REVIT!$H:$H,BD_REVIT!$C:$C,$A92,BD_REVIT!$F:$F,I$4) -> 0 | J92: =SUMIFS(BD_REVIT!$H:$H,BD_REVIT!$C:$C,$A92,BD_REVIT!$F:$F,J$4) -> 0 | K92: =SUMIFS(BD_REVIT!$H:$H,BD_REVIT!$C:$C,$A92,BD_REVIT!$F:$F,K$4) -> 0 | ... Y92: =SUMIFS(BD_REVIT!$H:$H,BD_REVIT!$C:$C,$A92,BD_REVIT!$F:$F,Y$4) -> 0 | Z92: =SUM(D92:Y92) -> 0 | AA92: =NIVEL!D484 -> 0 | AB92: =ROUND(Z92-AA92,2) -> 0
A93: 7.75 | B93: Válvulas de Cheque Ranurado De ø2½" | C93: Un. | D93: =SUMIFS(BD_REVIT!$H:$H,BD_REVIT!$C:$C,$A93,BD_REVIT!$F:$F,D$4) -> 0 | E93: =SUMIFS(BD_REVIT!$H:$H,BD_REVIT!$C:$C,$A93,BD_REVIT!$F:$F,E$4) -> 0 | F93: =SUMIFS(BD_REVIT!$H:$H,BD_REVIT!$C:$C,$A93,BD_REVIT!$F:$F,F$4) -> 0 | G93: =SUMIFS(BD_REVIT!$H:$H,BD_REVIT!$C:$C,$A93,BD_REVIT!$F:$F,G$4) -> 0 | H93: =SUMIFS(BD_REVIT!$H:$H,BD_REVIT!$C:$C,$A93,BD_REVIT!$F:$F,H$4) -> 0 | I93: =SUMIFS(BD_REVIT!$H:$H,BD_REVIT!$C:$C,$A93,BD_REVIT!$F:$F,I$4) -> 0 | J93: =SUMIFS(BD_REVIT!$H:$H,BD_REVIT!$C:$C,$A93,BD_REVIT!$F:$F,J$4) -> 0 | K93: =SUMIFS(BD_REVIT!$H:$H,BD_REVIT!$C:$C,$A93,BD_REVIT!$F:$F,K$4) -> 0 | ... Y93: =SUMIFS(BD_REVIT!$H:$H,BD_REVIT!$C:$C,$A93,BD_REVIT!$F:$F,Y$4) -> 0 | Z93: =SUM(D93:Y93) -> 0 | AA93: =NIVEL!D485 -> 0 | AB93: =ROUND(Z93-AA93,2) -> 0
A94: 7.76 | B94: Válvulas de Cheque Ranurado De ø6" | C94: Un. | D94: =SUMIFS(BD_REVIT!$H:$H,BD_REVIT!$C:$C,$A94,BD_REVIT!$F:$F,D$4) -> 0 | E94: =SUMIFS(BD_REVIT!$H:$H,BD_REVIT!$C:$C,$A94,BD_REVIT!$F:$F,E$4) -> 0 | F94: =SUMIFS(BD_REVIT!$H:$H,BD_REVIT!$C:$C,$A94,BD_REVIT!$F:$F,F$4) -> 0 | G94: =SUMIFS(BD_REVIT!$H:$H,BD_REVIT!$C:$C,$A94,BD_REVIT!$F:$F,G$4) -> 0 | H94: =SUMIFS(BD_REVIT!$H:$H,BD_REVIT!$C:$C,$A94,BD_REVIT!$F:$F,H$4) -> 0 | I94: =SUMIFS(BD_REVIT!$H:$H,BD_REVIT!$C:$C,$A94,BD_REVIT!$F:$F,I$4) -> 0 | J94: =SUMIFS(BD_REVIT!$H:$H,BD_REVIT!$C:$C,$A94,BD_REVIT!$F:$F,J$4) -> 0 | K94: =SUMIFS(BD_REVIT!$H:$H,BD_REVIT!$C:$C,$A94,BD_REVIT!$F:$F,K$4) -> 0 | ... Y94: =SUMIFS(BD_REVIT!$H:$H,BD_REVIT!$C:$C,$A94,BD_REVIT!$F:$F,Y$4) -> 0 | Z94: =SUM(D94:Y94) -> 0 | AA94: =NIVEL!D486 -> 0 | AB94: =ROUND(Z94-AA94,2) -> 0
A95: 7.115 | B95: Válvula de Cheque Ranurado De ø4" | C95: Un. | D95: =SUMIFS(BD_REVIT!$H:$H,BD_REVIT!$C:$C,$A95,BD_REVIT!$F:$F,D$4) -> 0 | E95: =SUMIFS(BD_REVIT!$H:$H,BD_REVIT!$C:$C,$A95,BD_REVIT!$F:$F,E$4) -> 0 | F95: =SUMIFS(BD_REVIT!$H:$H,BD_REVIT!$C:$C,$A95,BD_REVIT!$F:$F,F$4) -> 0 | G95: =SUMIFS(BD_REVIT!$H:$H,BD_REVIT!$C:$C,$A95,BD_REVIT!$F:$F,G$4) -> 0 | H95: =SUMIFS(BD_REVIT!$H:$H,BD_REVIT!$C:$C,$A95,BD_REVIT!$F:$F,H$4) -> 0 | I95: =SUMIFS(BD_REVIT!$H:$H,BD_REVIT!$C:$C,$A95,BD_REVIT!$F:$F,I$4) -> 0 | J95: =SUMIFS(BD_REVIT!$H:$H,BD_REVIT!$C:$C,$A95,BD_REVIT!$F:$F,J$4) -> 1 | K95: =SUMIFS(BD_REVIT!$H:$H,BD_REVIT!$C:$C,$A95,BD_REVIT!$F:$F,K$4) -> 0 | ... Y95: =SUMIFS(BD_REVIT!$H:$H,BD_REVIT!$C:$C,$A95,BD_REVIT!$F:$F,Y$4) -> 0 | Z95: =SUM(D95:Y95) -> 1 | AA95: =NIVEL!D487 -> 1 | AB95: =ROUND(Z95-AA95,2) -> 0
A96: 7.77 | B96: Válvulas OS&Y De ø2½" | C96: Un. | D96: =SUMIFS(BD_REVIT!$H:$H,BD_REVIT!$C:$C,$A96,BD_REVIT!$F:$F,D$4) -> 0 | E96: =SUMIFS(BD_REVIT!$H:$H,BD_REVIT!$C:$C,$A96,BD_REVIT!$F:$F,E$4) -> 0 | F96: =SUMIFS(BD_REVIT!$H:$H,BD_REVIT!$C:$C,$A96,BD_REVIT!$F:$F,F$4) -> 0 | G96: =SUMIFS(BD_REVIT!$H:$H,BD_REVIT!$C:$C,$A96,BD_REVIT!$F:$F,G$4) -> 0 | H96: =SUMIFS(BD_REVIT!$H:$H,BD_REVIT!$C:$C,$A96,BD_REVIT!$F:$F,H$4) -> 0 | I96: =SUMIFS(BD_REVIT!$H:$H,BD_REVIT!$C:$C,$A96,BD_REVIT!$F:$F,I$4) -> 0 | J96: =SUMIFS(BD_REVIT!$H:$H,BD_REVIT!$C:$C,$A96,BD_REVIT!$F:$F,J$4) -> 0 | K96: =SUMIFS(BD_REVIT!$H:$H,BD_REVIT!$C:$C,$A96,BD_REVIT!$F:$F,K$4) -> 0 | ... Y96: =SUMIFS(BD_REVIT!$H:$H,BD_REVIT!$C:$C,$A96,BD_REVIT!$F:$F,Y$4) -> 0 | Z96: =SUM(D96:Y96) -> 0 | AA96: =NIVEL!D488 -> 0 | AB96: =ROUND(Z96-AA96,2) -> 0
A97: 7.78 | B97: Válvulas OS&Y De ø6" | C97: Un. | D97: =SUMIFS(BD_REVIT!$H:$H,BD_REVIT!$C:$C,$A97,BD_REVIT!$F:$F,D$4) -> 7 | E97: =SUMIFS(BD_REVIT!$H:$H,BD_REVIT!$C:$C,$A97,BD_REVIT!$F:$F,E$4) -> 0 | F97: =SUMIFS(BD_REVIT!$H:$H,BD_REVIT!$C:$C,$A97,BD_REVIT!$F:$F,F$4) -> 0 | G97: =SUMIFS(BD_REVIT!$H:$H,BD_REVIT!$C:$C,$A97,BD_REVIT!$F:$F,G$4) -> 0 | H97: =SUMIFS(BD_REVIT!$H:$H,BD_REVIT!$C:$C,$A97,BD_REVIT!$F:$F,H$4) -> 0 | I97: =SUMIFS(BD_REVIT!$H:$H,BD_REVIT!$C:$C,$A97,BD_REVIT!$F:$F,I$4) -> 0 | J97: =SUMIFS(BD_REVIT!$H:$H,BD_REVIT!$C:$C,$A97,BD_REVIT!$F:$F,J$4) -> 0 | K97: =SUMIFS(BD_REVIT!$H:$H,BD_REVIT!$C:$C,$A97,BD_REVIT!$F:$F,K$4) -> 0 | ... Y97: =SUMIFS(BD_REVIT!$H:$H,BD_REVIT!$C:$C,$A97,BD_REVIT!$F:$F,Y$4) -> 0 | Z97: =SUM(D97:Y97) -> 7 | AA97: =NIVEL!D489 -> 7 | AB97: =ROUND(Z97-AA97,2) -> 0
... A113: 7.94 | B113: Siamesas De ø6"×ø2½"×ø2½", incluye cheque ranurado de 6" | C113: Un. | D113: =SUMIFS(BD_REVIT!$H:$H,BD_REVIT!$C:$C,$A113,BD_REVIT!$F:$F,D$4) -> 0 | E113: =SUMIFS(BD_REVIT!$H:$H,BD_REVIT!$C:$C,$A113,BD_REVIT!$F:$F,E$4) -> 0 | F113: =SUMIFS(BD_REVIT!$H:$H,BD_REVIT!$C:$C,$A113,BD_REVIT!$F:$F,F$4) -> 0 | G113: =SUMIFS(BD_REVIT!$H:$H,BD_REVIT!$C:$C,$A113,BD_REVIT!$F:$F,G$4) -> 0 | H113: =SUMIFS(BD_REVIT!$H:$H,BD_REVIT!$C:$C,$A113,BD_REVIT!$F:$F,H$4) -> 0 | I113: =SUMIFS(BD_REVIT!$H:$H,BD_REVIT!$C:$C,$A113,BD_REVIT!$F:$F,I$4) -> 0 | J113: =SUMIFS(BD_REVIT!$H:$H,BD_REVIT!$C:$C,$A113,BD_REVIT!$F:$F,J$4) -> 0 | K113: =SUMIFS(BD_REVIT!$H:$H,BD_REVIT!$C:$C,$A113,BD_REVIT!$F:$F,K$4) -> 0 | ... Y113: =SUMIFS(BD_REVIT!$H:$H,BD_REVIT!$C:$C,$A113,BD_REVIT!$F:$F,Y$4) -> 0 | Z113: =SUM(D113:Y113) -> 0 | AA113: =NIVEL!D505 -> 0 | AB113: =ROUND(Z113-AA113,2) -> 0
A114: 7.95 | B114: Tuberia PVC C900 RDE18 6" | C114: Ml. | D114: =SUMIFS(BD_REVIT!$H:$H,BD_REVIT!$C:$C,$A114,BD_REVIT!$F:$F,D$4) -> 0 | E114: =SUMIFS(BD_REVIT!$H:$H,BD_REVIT!$C:$C,$A114,BD_REVIT!$F:$F,E$4) -> 0 | F114: =SUMIFS(BD_REVIT!$H:$H,BD_REVIT!$C:$C,$A114,BD_REVIT!$F:$F,F$4) -> 0 | G114: =SUMIFS(BD_REVIT!$H:$H,BD_REVIT!$C:$C,$A114,BD_REVIT!$F:$F,G$4) -> 0 | H114: =SUMIFS(BD_REVIT!$H:$H,BD_REVIT!$C:$C,$A114,BD_REVIT!$F:$F,H$4) -> 0 | I114: =SUMIFS(BD_REVIT!$H:$H,BD_REVIT!$C:$C,$A114,BD_REVIT!$F:$F,I$4) -> 0 | J114: =SUMIFS(BD_REVIT!$H:$H,BD_REVIT!$C:$C,$A114,BD_REVIT!$F:$F,J$4) -> 0 | K114: =SUMIFS(BD_REVIT!$H:$H,BD_REVIT!$C:$C,$A114,BD_REVIT!$F:$F,K$4) -> 0 | ... Y114: =SUMIFS(BD_REVIT!$H:$H,BD_REVIT!$C:$C,$A114,BD_REVIT!$F:$F,Y$4) -> 0 | Z114: =SUM(D114:Y114) -> 0 | AA114: =NIVEL!D507 -> 0 | AB114: =ROUND(Z114-AA114,2) -> 0
A115: 7.96 | B115: Accesorios c900 6" | C115: Un. | D115: =SUMIFS(BD_REVIT!$H:$H,BD_REVIT!$C:$C,$A115,BD_REVIT!$F:$F,D$4) -> 0 | E115: =SUMIFS(BD_REVIT!$H:$H,BD_REVIT!$C:$C,$A115,BD_REVIT!$F:$F,E$4) -> 0 | F115: =SUMIFS(BD_REVIT!$H:$H,BD_REVIT!$C:$C,$A115,BD_REVIT!$F:$F,F$4) -> 0 | G115: =SUMIFS(BD_REVIT!$H:$H,BD_REVIT!$C:$C,$A115,BD_REVIT!$F:$F,G$4) -> 0 | H115: =SUMIFS(BD_REVIT!$H:$H,BD_REVIT!$C:$C,$A115,BD_REVIT!$F:$F,H$4) -> 0 | I115: =SUMIFS(BD_REVIT!$H:$H,BD_REVIT!$C:$C,$A115,BD_REVIT!$F:$F,I$4) -> 0 | J115: =SUMIFS(BD_REVIT!$H:$H,BD_REVIT!$C:$C,$A115,BD_REVIT!$F:$F,J$4) -> 0 | K115: =SUMIFS(BD_REVIT!$H:$H,BD_REVIT!$C:$C,$A115,BD_REVIT!$F:$F,K$4) -> 0 | ... Y115: =SUMIFS(BD_REVIT!$H:$H,BD_REVIT!$C:$C,$A115,BD_REVIT!$F:$F,Y$4) -> 0 | Z115: =SUM(D115:Y115) -> 0 | AA115: =NIVEL!D508 -> 0 | AB115: =ROUND(Z115-AA115,2) -> 0
A116: 7.97 | B116: Transicion c900-AC 6" | C116: Un. | D116: =SUMIFS(BD_REVIT!$H:$H,BD_REVIT!$C:$C,$A116,BD_REVIT!$F:$F,D$4) -> 0 | E116: =SUMIFS(BD_REVIT!$H:$H,BD_REVIT!$C:$C,$A116,BD_REVIT!$F:$F,E$4) -> 0 | F116: =SUMIFS(BD_REVIT!$H:$H,BD_REVIT!$C:$C,$A116,BD_REVIT!$F:$F,F$4) -> 0 | G116: =SUMIFS(BD_REVIT!$H:$H,BD_REVIT!$C:$C,$A116,BD_REVIT!$F:$F,G$4) -> 0 | H116: =SUMIFS(BD_REVIT!$H:$H,BD_REVIT!$C:$C,$A116,BD_REVIT!$F:$F,H$4) -> 0 | I116: =SUMIFS(BD_REVIT!$H:$H,BD_REVIT!$C:$C,$A116,BD_REVIT!$F:$F,I$4) -> 0 | J116: =SUMIFS(BD_REVIT!$H:$H,BD_REVIT!$C:$C,$A116,BD_REVIT!$F:$F,J$4) -> 0 | K116: =SUMIFS(BD_REVIT!$H:$H,BD_REVIT!$C:$C,$A116,BD_REVIT!$F:$F,K$4) -> 0 | ... Y116: =SUMIFS(BD_REVIT!$H:$H,BD_REVIT!$C:$C,$A116,BD_REVIT!$F:$F,Y$4) -> 0 | Z116: =SUM(D116:Y116) -> 0 | AA116: =NIVEL!D509 -> 0 | AB116: =ROUND(Z116-AA116,2) -> 0
A117: 7.98 | B117: Excavación en material común | C117: m3 | D117: =SUMIFS(BD_REVIT!$H:$H,BD_REVIT!$C:$C,$A117,BD_REVIT!$F:$F,D$4) -> 0 | E117: =SUMIFS(BD_REVIT!$H:$H,BD_REVIT!$C:$C,$A117,BD_REVIT!$F:$F,E$4) -> 0 | F117: =SUMIFS(BD_REVIT!$H:$H,BD_REVIT!$C:$C,$A117,BD_REVIT!$F:$F,F$4) -> 0 | G117: =SUMIFS(BD_REVIT!$H:$H,BD_REVIT!$C:$C,$A117,BD_REVIT!$F:$F,G$4) -> 0 | H117: =SUMIFS(BD_REVIT!$H:$H,BD_REVIT!$C:$C,$A117,BD_REVIT!$F:$F,H$4) -> 0 | I117: =SUMIFS(BD_REVIT!$H:$H,BD_REVIT!$C:$C,$A117,BD_REVIT!$F:$F,I$4) -> 0 | J117: =SUMIFS(BD_REVIT!$H:$H,BD_REVIT!$C:$C,$A117,BD_REVIT!$F:$F,J$4) -> 0 | K117: =SUMIFS(BD_REVIT!$H:$H,BD_REVIT!$C:$C,$A117,BD_REVIT!$F:$F,K$4) -> 0 | ... Y117: =SUMIFS(BD_REVIT!$H:$H,BD_REVIT!$C:$C,$A117,BD_REVIT!$F:$F,Y$4) -> 0 | Z117: =SUM(D117:Y117) -> 0 | AA117: =NIVEL!D510 -> 0 | AB117: =ROUND(Z117-AA117,2) -> 0
A118: 7.99 | B118: Relleno Material Sitio | C118: m3 | D118: =SUMIFS(BD_REVIT!$H:$H,BD_REVIT!$C:$C,$A118,BD_REVIT!$F:$F,D$4) -> 0 | E118: =SUMIFS(BD_REVIT!$H:$H,BD_REVIT!$C:$C,$A118,BD_REVIT!$F:$F,E$4) -> 0 | F118: =SUMIFS(BD_REVIT!$H:$H,BD_REVIT!$C:$C,$A118,BD_REVIT!$F:$F,F$4) -> 0 | G118: =SUMIFS(BD_REVIT!$H:$H,BD_REVIT!$C:$C,$A118,BD_REVIT!$F:$F,G$4) -> 0 | H118: =SUMIFS(BD_REVIT!$H:$H,BD_REVIT!$C:$C,$A118,BD_REVIT!$F:$F,H$4) -> 0 | I118: =SUMIFS(BD_REVIT!$H:$H,BD_REVIT!$C:$C,$A118,BD_REVIT!$F:$F,I$4) -> 0 | J118: =SUMIFS(BD_REVIT!$H:$H,BD_REVIT!$C:$C,$A118,BD_REVIT!$F:$F,J$4) -> 0 | K118: =SUMIFS(BD_REVIT!$H:$H,BD_REVIT!$C:$C,$A118,BD_REVIT!$F:$F,K$4) -> 0 | ... Y118: =SUMIFS(BD_REVIT!$H:$H,BD_REVIT!$C:$C,$A118,BD_REVIT!$F:$F,Y$4) -> 0 | Z118: =SUM(D118:Y118) -> 0 | AA118: =NIVEL!D511 -> 0 | AB118: =ROUND(Z118-AA118,2) -> 0
A119: 7.100 | B119: Suministro y Conexión Hidráulica Bomba Contraincendio. Condiciones de operación; Caudal Q=750 GPM, 187 MCA. Incluye tableros, suiches de nivel, tanque de Presión y demás accesorios para el correcto funcionamiento. No incluye cableado. (SE RECOMIENDA QUE LA INSTALACIÓN DEL EQUIPO DE BOMBEO, DESFOGUE Y TANQUE DIESEL SEA REALIZADA POR EL MISMO PROVEEDOR DEL SUMINISTRO). | C119: Un. | D119: =SUMIFS(BD_REVIT!$H:$H,BD_REVIT!$C:$C,$A119,BD_REVIT!$F:$F,D$4) -> 0 | E119: =SUMIFS(BD_REVIT!$H:$H,BD_REVIT!$C:$C,$A119,BD_REVIT!$F:$F,E$4) -> 0 | F119: =SUMIFS(BD_REVIT!$H:$H,BD_REVIT!$C:$C,$A119,BD_REVIT!$F:$F,F$4) -> 0 | G119: =SUMIFS(BD_REVIT!$H:$H,BD_REVIT!$C:$C,$A119,BD_REVIT!$F:$F,G$4) -> 0 | H119: =SUMIFS(BD_REVIT!$H:$H,BD_REVIT!$C:$C,$A119,BD_REVIT!$F:$F,H$4) -> 0 | I119: =SUMIFS(BD_REVIT!$H:$H,BD_REVIT!$C:$C,$A119,BD_REVIT!$F:$F,I$4) -> 0 | J119: =SUMIFS(BD_REVIT!$H:$H,BD_REVIT!$C:$C,$A119,BD_REVIT!$F:$F,J$4) -> 0 | K119: =SUMIFS(BD_REVIT!$H:$H,BD_REVIT!$C:$C,$A119,BD_REVIT!$F:$F,K$4) -> 0 | ... Y119: =SUMIFS(BD_REVIT!$H:$H,BD_REVIT!$C:$C,$A119,BD_REVIT!$F:$F,Y$4) -> 1 | Z119: =SUM(D119:Y119) -> 1 | AA119: =NIVEL!D513 -> 1 | AB119: =ROUND(Z119-AA119,2) -> 0
A120: 7.101 | B120: Suministro y Conexión Hidráulica Bomba Jockey Caudal Q= 7,5 GPM, HT= 142 m, incluye tablero, suiches de nivel, presóstato, manómetro y demás accesorios para el correcto funcionamiento. No incluye cableado. (SE RECOMIENDA QUE LA INSTALACIÓN DEL EQUIPO DE BOMBEO SEA REALIZADA POR EL MISMO PROVEEDOR DEL SUMINISTRO). | C120: Un. | D120: =SUMIFS(BD_REVIT!$H:$H,BD_REVIT!$C:$C,$A120,BD_REVIT!$F:$F,D$4) -> 0 | E120: =SUMIFS(BD_REVIT!$H:$H,BD_REVIT!$C:$C,$A120,BD_REVIT!$F:$F,E$4) -> 0 | F120: =SUMIFS(BD_REVIT!$H:$H,BD_REVIT!$C:$C,$A120,BD_REVIT!$F:$F,F$4) -> 0 | G120: =SUMIFS(BD_REVIT!$H:$H,BD_REVIT!$C:$C,$A120,BD_REVIT!$F:$F,G$4) -> 0 | H120: =SUMIFS(BD_REVIT!$H:$H,BD_REVIT!$C:$C,$A120,BD_REVIT!$F:$F,H$4) -> 0 | I120: =SUMIFS(BD_REVIT!$H:$H,BD_REVIT!$C:$C,$A120,BD_REVIT!$F:$F,I$4) -> 0 | J120: =SUMIFS(BD_REVIT!$H:$H,BD_REVIT!$C:$C,$A120,BD_REVIT!$F:$F,J$4) -> 0 | K120: =SUMIFS(BD_REVIT!$H:$H,BD_REVIT!$C:$C,$A120,BD_REVIT!$F:$F,K$4) -> 0 | ... Y120: =SUMIFS(BD_REVIT!$H:$H,BD_REVIT!$C:$C,$A120,BD_REVIT!$F:$F,Y$4) -> 1 | Z120: =SUM(D120:Y120) -> 1 | AA120: =NIVEL!D515 -> 1 | AB120: =ROUND(Z120-AA120,2) -> 0
A121: 7.116 | B121: Base en concreto para equipo de bombeo | C121: Un. | D121: =SUMIFS(BD_REVIT!$H:$H,BD_REVIT!$C:$C,$A121,BD_REVIT!$F:$F,D$4) -> 0 | E121: =SUMIFS(BD_REVIT!$H:$H,BD_REVIT!$C:$C,$A121,BD_REVIT!$F:$F,E$4) -> 0 | F121: =SUMIFS(BD_REVIT!$H:$H,BD_REVIT!$C:$C,$A121,BD_REVIT!$F:$F,F$4) -> 0 | G121: =SUMIFS(BD_REVIT!$H:$H,BD_REVIT!$C:$C,$A121,BD_REVIT!$F:$F,G$4) -> 0 | H121: =SUMIFS(BD_REVIT!$H:$H,BD_REVIT!$C:$C,$A121,BD_REVIT!$F:$F,H$4) -> 0 | I121: =SUMIFS(BD_REVIT!$H:$H,BD_REVIT!$C:$C,$A121,BD_REVIT!$F:$F,I$4) -> 0 | J121: =SUMIFS(BD_REVIT!$H:$H,BD_REVIT!$C:$C,$A121,BD_REVIT!$F:$F,J$4) -> 0 | K121: =SUMIFS(BD_REVIT!$H:$H,BD_REVIT!$C:$C,$A121,BD_REVIT!$F:$F,K$4) -> 0 | ... Y121: =SUMIFS(BD_REVIT!$H:$H,BD_REVIT!$C:$C,$A121,BD_REVIT!$F:$F,Y$4) -> 1 | Z121: =SUM(D121:Y121) -> 1 | AA121: =NIVEL!D516 -> 1 | AB121: =ROUND(Z121-AA121,2) -> 0
A122: 7.102 | B122: Suministro e instalacion de Linea de sensado. Incluye tuberia de cobre de ø1/2", accesorios de cobre, válvulas de cierre, cheques perforados, manómetros y soportería. (SE RECOMIENDA QUE LA INSTALACIÓN DE LA DE SENSADO SE HA REALIZADA POR EL MISMO PROVEEDOR DEL SUMINISTRO DE LA BOMBA P.PAL Y JOCKEY). | C122: Glb. | D122: =SUMIFS(BD_REVIT!$H:$H,BD_REVIT!$C:$C,$A122,BD_REVIT!$F:$F,D$4) -> 0 | E122: =SUMIFS(BD_REVIT!$H:$H,BD_REVIT!$C:$C,$A122,BD_REVIT!$F:$F,E$4) -> 0 | F122: =SUMIFS(BD_REVIT!$H:$H,BD_REVIT!$C:$C,$A122,BD_REVIT!$F:$F,F$4) -> 0 | G122: =SUMIFS(BD_REVIT!$H:$H,BD_REVIT!$C:$C,$A122,BD_REVIT!$F:$F,G$4) -> 0 | H122: =SUMIFS(BD_REVIT!$H:$H,BD_REVIT!$C:$C,$A122,BD_REVIT!$F:$F,H$4) -> 0 | I122: =SUMIFS(BD_REVIT!$H:$H,BD_REVIT!$C:$C,$A122,BD_REVIT!$F:$F,I$4) -> 0 | J122: =SUMIFS(BD_REVIT!$H:$H,BD_REVIT!$C:$C,$A122,BD_REVIT!$F:$F,J$4) -> 0 | K122: =SUMIFS(BD_REVIT!$H:$H,BD_REVIT!$C:$C,$A122,BD_REVIT!$F:$F,K$4) -> 0 | ... Y122: =SUMIFS(BD_REVIT!$H:$H,BD_REVIT!$C:$C,$A122,BD_REVIT!$F:$F,Y$4) -> 0 | Z122: =SUM(D122:Y122) -> 0 | AA122: =NIVEL!D518 -> 0 | AB122: =ROUND(Z122-AA122,2) -> 0
B123: Sin asignar (unidades mezcladas, ver BD_REVIT) | D123: =SUMIFS(BD_REVIT!$H:$H,BD_REVIT!$M:$M,"SIN ASIGNAR",BD_REVIT!$F:$F,D$4) -> 0 | E123: =SUMIFS(BD_REVIT!$H:$H,BD_REVIT!$M:$M,"SIN ASIGNAR",BD_REVIT!$F:$F,E$4) -> 0 | F123: =SUMIFS(BD_REVIT!$H:$H,BD_REVIT!$M:$M,"SIN ASIGNAR",BD_REVIT!$F:$F,F$4) -> 0 | G123: =SUMIFS(BD_REVIT!$H:$H,BD_REVIT!$M:$M,"SIN ASIGNAR",BD_REVIT!$F:$F,G$4) -> 0 | H123: =SUMIFS(BD_REVIT!$H:$H,BD_REVIT!$M:$M,"SIN ASIGNAR",BD_REVIT!$F:$F,H$4) -> 0 | I123: =SUMIFS(BD_REVIT!$H:$H,BD_REVIT!$M:$M,"SIN ASIGNAR",BD_REVIT!$F:$F,I$4) -> 0 | J123: =SUMIFS(BD_REVIT!$H:$H,BD_REVIT!$M:$M,"SIN ASIGNAR",BD_REVIT!$F:$F,J$4) -> 0 | K123: =SUMIFS(BD_REVIT!$H:$H,BD_REVIT!$M:$M,"SIN ASIGNAR",BD_REVIT!$F:$F,K$4) -> 0 | ... Y123: =SUMIFS(BD_REVIT!$H:$H,BD_REVIT!$M:$M,"SIN ASIGNAR",BD_REVIT!$F:$F,Y$4) -> 0

Sheet LISTAS
A1: Código | B1: Descripción | C1: Und. | D1: Nivel de piso
A2: 7.01 | B2: Puntos Conexión Valvula Angular 2-1/2 | C2: Un. | D2: Nivel Cuarto de Bomba Sub
A3: 7.02 | B3: Puntos AC 1-1/2" Gabinetes Tipo 2 | C3: Un. | D3: Nivel Sótano 4
A4: 7.03 | B4: Puntos Sprinkler - AC 1" | C4: Un. | D4: Nivel Sótano 3
A5: 7.04 | B5: Suministro y Conexión Gabinete tipo 2 en Lamina Cold Rolled Calibre 20 de 0.77×0.77×0.22, Válvula angular 1½" Regulada, Soporte tipo canasta, Manguera fibra poliester y caucho 1½"×100', Boquilla chorro y niebla 1½"-Hacha pico 4½" lbs, Llave Spaner-Extintor de polvo | C5: Un. | D5: Nivel Sótano 2
A6: 7.05 | B6: Rociador Sprinkler ø1/2" K=5,6 estándar QR | C6: Un. | D6: Nivel Sótano 1
A7: 7.06 | B7: Rociador Sprinkler ø1/2" K=11,2 extendida QR | C7: Un. | D7: Nivel Semisótano
A8: 7.07 | B8: Tubería A.C. Sche 10 De ø1" | C8: Ml. | D8: Nivel 1
A9: 7.103 | B9: Tubería A.C. Sche 10 De ø1 1/4" | C9: Ml. | D9: Nivel 2
A10: 7.08 | B10: Tubería A.C. Sche 10 De ø1 1/2" | C10: Ml. | D10: Nivel 3
A11: 7.104 | B11: Tubería A.C. Sche 10 De ø2" | C11: Ml. | D11: Nivel 4
A12: 7.09 | B12: Tubería A.C. Sche 10 De ø2 1/2" | C12: Ml. | D12: Nivel 5
... A22: 7.18 | B22: Soporte pera 6" | C22: Un. | D22: Nivel 15
A23: 7.19 | B23: Pasante en muro contencion 6" | C23: Un.
A24: 7.20 | B24: Soporte Antisísmico Longitudinal ø2-1/2" | C24: Un.
A25: 7.21 | B25: Soporte Antisísmico Transversal ø2-1/2" | C25: Un.
A26: 7.106 | B26: Soporte Antisísmico Longitudinal ø3" | C26: Un.
A27: 7.107 | B27: Soporte Antisísmico Transversal ø3" | C27: Un.
A28: 7.108 | B28: Soporte Antisísmico Longitudinal ø4" | C28: Un.
A29: 7.109 | B29: Soporte Antisísmico Transversal ø4" | C29: Un.
A30: 7.22 | B30: Soporte Antisísmico Longitudinal ø6" | C30: Un.
A31: 7.23 | B31: Soporte Antisísmico Transversal ø6" | C31: Un.
A32: 7.24 | B32: Tubería A.C. Sche 10 De ø6" | C32: Ml.
A33: 7.25 | B33: Soporte riel chanel 6" | C33: Un.
A34: 7.26 | B34: Pasantes en placa ø6" (sacanucleos) | C34: Un.
... A118: 7.102 | B118: Suministro e instalacion de Linea de sensado. Incluye tuberia de cobre de ø1/2", accesorios de cobre, válvulas de cierre, cheques perforados, manómetros y soportería. (SE RECOMIENDA QUE LA INSTALACIÓN DE LA DE SENSADO SE HA REALIZADA POR EL MISMO PROVEEDOR DEL SUMINISTRO DE LA BOMBA P.PAL Y JOCKEY). | C118: Glb.
